merk,model,tahun_produksi,jarak_tempuh,jenis_transmisi,bahan_bakar,kapasitas_mesin,harga_jual,url
Tidak Diketahui,Tidak Diketahui,2016,95000,Tidak Diketahui,Tidak Diketahui,Tidak Diketahui,191000000,https://www.olx.co.id/item/promo-low-angsuran-toyota-camry-25-v-bensin-at-2016-rfs-iid-944541679
Tidak Diketahui,Tidak Diketahui,2018,80000,Tidak Diketahui,Tidak Diketahui,Tidak Diketahui,134000000,https://www.olx.co.id/item/promo-low-angsuran-wuling-cortez-18-c-bensin-at-2018-ufw-iid-944541808
Tidak Diketahui,Tidak Diketahui,2022,70000,Tidak Diketahui,Tidak Diketahui,Tidak Diketahui,335000000,https://www.olx.co.id/item/promo-low-angsuran-toyota-corolla-18-cross-hybrid-bensin-at-2022-rko-iid-944542401
Tidak Diketahui,Tidak Diketahui,2021,55000,Tidak Diketahui,Tidak Diketahui,Tidak Diketahui,178000000,https://www.olx.co.id/item/dp-murah-daihatsu-xenia-15-r-ads-bensin-at-2022-cfkjb-iid-945034517
Tidak Diketahui,Tidak Diketahui,2014,5000,Tidak Diketahui,Tidak Diketahui,Tidak Diketahui,1250000000,https://www.olx.co.id/item/porsche-cayman-27-pdk-2014-yellow-tgn-ke1-iid-945035816
Tidak Diketahui,Tidak Diketahui,2026,0,Tidak Diketahui,Tidak Diketahui,Tidak Diketahui,735000000,https://www.olx.co.id/item/mobil-baru-aion-hyptec-nyaman-di-kantong-dengan-fitur-berlimpah-iid-944980830
Tidak Diketahui,Tidak Diketahui,2023,0,Tidak Diketahui,Tidak Diketahui,Tidak Diketahui,835000000,https://www.olx.co.id/item/dp10-km8000-c300-amg-2023-white-reg-2024-autohigh-iid-944151538
Tidak Diketahui,Tidak Diketahui,2024,20000,Tidak Diketahui,Tidak Diketahui,Tidak Diketahui,421000000,https://www.olx.co.id/item/garansi-5th-honda-civic-rs-15-turbo-cvt-sedan-sensing-20242025-iid-944884115
Tidak Diketahui,Tidak Diketahui,2017,60000,Tidak Diketahui,Tidak Diketahui,Tidak Diketahui,478000000,https://www.olx.co.id/item/cash-toyota-alphard-sc-premium-sound-2017-iid-945065461
Tidak Diketahui,Tidak Diketahui,2021,20000,Tidak Diketahui,Tidak Diketahui,Tidak Diketahui,950000000,https://www.olx.co.id/item/cash-mercedes-benz-gle450-amg-mbux-2021-iid-945065428
Tidak Diketahui,Tidak Diketahui,2021,55000,Tidak Diketahui,Tidak Diketahui,Tidak Diketahui,555000000,https://www.olx.co.id/item/cash-hyundai-palisade-signature-2021-iid-945065388
Tidak Diketahui,Tidak Diketahui,2019,85000,Tidak Diketahui,Tidak Diketahui,Tidak Diketahui,170000000,https://www.olx.co.id/item/suzuki-sx4-15-scross-2019-iid-945065288
Tidak Diketahui,Tidak Diketahui,2007,145000,Tidak Diketahui,Tidak Diketahui,Tidak Diketahui,48900000,https://www.olx.co.id/item/nissan-latio-18-at-tahun-2007-iid-945065187
Tidak Diketahui,Tidak Diketahui,2008,95000,Tidak Diketahui,Tidak Diketahui,Tidak Diketahui,140000000,https://www.olx.co.id/item/toyota-harrier-g24-at-2008-iid-945065120
Tidak Diketahui,Tidak Diketahui,2012,145000,Tidak Diketahui,Tidak Diketahui,Tidak Diketahui,139000000,https://www.olx.co.id/item/bonus-melimpah-toyota-kijang-innova-20-g-at-2012-super-iid-945065069
Tidak Diketahui,Tidak Diketahui,2021,55000,Tidak Diketahui,Tidak Diketahui,Tidak Diketahui,395000000,https://www.olx.co.id/item/toyota-fortuner-vrz-2021-tdp50jt-2020-hitam-2022-facelift-diesel-iid-945065060
Tidak Diketahui,Tidak Diketahui,2019,5000,Tidak Diketahui,Tidak Diketahui,Tidak Diketahui,630000000,https://www.olx.co.id/item/odo-13rb-mercedes-benz-glc300-coupe-amg-line-2019-iid-945065043
Tidak Diketahui,Tidak Diketahui,2021,30000,Tidak Diketahui,Tidak Diketahui,Tidak Diketahui,191900000,https://www.olx.co.id/item/promo-new-livina-vl-at-2021-dp-30jt-iid-945064959
Tidak Diketahui,Tidak Diketahui,2018,75000,Tidak Diketahui,Tidak Diketahui,Tidak Diketahui,205000000,https://www.olx.co.id/item/promo-low-angsuran-nissan-xtrail-20-bensin-at-2018-cyo-iid-944542580
Tidak Diketahui,Tidak Diketahui,2017,75000,Tidak Diketahui,Tidak Diketahui,Tidak Diketahui,149000000,https://www.olx.co.id/item/promo-low-angsuran-honda-mobilio-15-e-bensin-at-2017-juw-iid-944543398
Tidak Diketahui,Tidak Diketahui,2020,50000,Tidak Diketahui,Tidak Diketahui,Tidak Diketahui,212000000,https://www.olx.co.id/item/promo-low-angsuran-kia-seltos-14-ex-plus-bensin-at-2020-pkv-iid-944543588
Tidak Diketahui,Tidak Diketahui,2022,65000,Tidak Diketahui,Tidak Diketahui,Tidak Diketahui,263000000,https://www.olx.co.id/item/dp-rendah-honda-hr-v-15-se-bensin-at-2022-rkf-iid-945024043
Tidak Diketahui,Tidak Diketahui,2021,0,Tidak Diketahui,Tidak Diketahui,Tidak Diketahui,975000000,https://www.olx.co.id/item/dp10-km4000-x5-x-drive-7seater-2021-black-reg-2022-autohigh-iid-944434059
Tidak Diketahui,Tidak Diketahui,2022,15000,Tidak Diketahui,Tidak Diketahui,Tidak Diketahui,434000000,https://www.olx.co.id/item/km-30-rb-honda-accord-2022-sensing-low-km-2023-sunroof-iid-944499276
Tidak Diketahui,Tidak Diketahui,2019,70000,Tidak Diketahui,Tidak Diketahui,Tidak Diketahui,359000000,https://www.olx.co.id/item/garansi-5th-mitsubishi-pajero-sport-dakar-24-sunroof-2019-2020-iid-945028560
Tidak Diketahui,Tidak Diketahui,2021,5000,Tidak Diketahui,Tidak Diketahui,Tidak Diketahui,985000000,https://www.olx.co.id/item/2021-bmw-430i-msport-coupe-tdp310jt-iid-944988619
Tidak Diketahui,Tidak Diketahui,2022,25000,Tidak Diketahui,Tidak Diketahui,Tidak Diketahui,399000000,https://www.olx.co.id/item/tdp-15-juta-mazda-cx-5-kuro-2022-cx5-kuro-edition-iid-945064912
Tidak Diketahui,Tidak Diketahui,2022,15000,Tidak Diketahui,Tidak Diketahui,Tidak Diketahui,132000000,https://www.olx.co.id/item/suzuki-apv-blind-van-mt-2022-iid-945064899
Tidak Diketahui,Tidak Diketahui,2013,95000,Tidak Diketahui,Tidak Diketahui,Tidak Diketahui,105000000,https://www.olx.co.id/item/vw-tiguan-highline-tipe-tertinggi-iid-945064895
Tidak Diketahui,Tidak Diketahui,2023,15000,Tidak Diketahui,Tidak Diketahui,Tidak Diketahui,322900000,https://www.olx.co.id/item/promo-yaris-gr-cross-hv-2023-kma-18rebu-ori-iid-945064871
Tidak Diketahui,Tidak Diketahui,2023,15000,Tidak Diketahui,Tidak Diketahui,Tidak Diketahui,205000000,https://www.olx.co.id/item/kondisi-super-toyota-raize-10t-gr-sport-at-2023-like-new-iid-945064817
Tidak Diketahui,Tidak Diketahui,2016,40000,Tidak Diketahui,Tidak Diketahui,Tidak Diketahui,360000000,https://www.olx.co.id/item/mercedes-benz-cla-200-amg-panoramic-2016-iid-945064790
Tidak Diketahui,Tidak Diketahui,2018,15000,Tidak Diketahui,Tidak Diketahui,Tidak Diketahui,325000000,https://www.olx.co.id/item/odo-22rb-bmw-320i-sport-2018-iid-945064694
Tidak Diketahui,Tidak Diketahui,2019,75000,Tidak Diketahui,Tidak Diketahui,Tidak Diketahui,195000000,https://www.olx.co.id/item/bonus-melimpah-mitsubishi-xpander-cross-15-at-2019-super-iid-945064691
Tidak Diketahui,Tidak Diketahui,2012,85000,Tidak Diketahui,Tidak Diketahui,Tidak Diketahui,205000000,https://www.olx.co.id/item/cash-c250-amg-2012-low-km-2013-2011-2014-c200-iid-945064330
Tidak Diketahui,Tidak Diketahui,2019,50000,Tidak Diketahui,Tidak Diketahui,Tidak Diketahui,192000000,https://www.olx.co.id/item/dp-rendah-nissan-serena-20-x-bensin-at-2019-bij-iid-945024158
Tidak Diketahui,Tidak Diketahui,2022,40000,Tidak Diketahui,Tidak Diketahui,Tidak Diketahui,240000000,https://www.olx.co.id/item/dp-rendah-toyota-avanza-15-veloz-q-bensin-at-2022-nzs-iid-945025062
Tidak Diketahui,Tidak Diketahui,2015,140000,Tidak Diketahui,Tidak Diketahui,Tidak Diketahui,143000000,https://www.olx.co.id/item/dp-rendah-mazda-biante-20-skyactive-bensin-at-2015-tbp-iid-945025164
Tidak Diketahui,Tidak Diketahui,2018,90000,Tidak Diketahui,Tidak Diketahui,Tidak Diketahui,268000000,https://www.olx.co.id/item/dp-rendah-honda-cr-v-15-turbo-bensin-at-2018-tjq-iid-945028820
Tidak Diketahui,Tidak Diketahui,2020,30000,Tidak Diketahui,Tidak Diketahui,Tidak Diketahui,195000000,https://www.olx.co.id/item/kia-seltos-ex-plus-2020-iid-943197358
Tidak Diketahui,Tidak Diketahui,2018,90000,Tidak Diketahui,Tidak Diketahui,Tidak Diketahui,560000000,https://www.olx.co.id/item/lexus-rx300-luxury-2018-facelift-pajak-panjang-km-rendah-iid-937618704
Tidak Diketahui,Tidak Diketahui,2024,5000,Tidak Diketahui,Tidak Diketahui,Tidak Diketahui,1865000000,https://www.olx.co.id/item/lexus-lm350h-2024-7-seater-hybrid-iid-944929634
Tidak Diketahui,Tidak Diketahui,2022,15000,Tidak Diketahui,Tidak Diketahui,Tidak Diketahui,820000000,https://www.olx.co.id/item/dp10-km22000-alphard-g-2022-white-reg-2021-autohigh-iid-944715982
Tidak Diketahui,Tidak Diketahui,2018,50000,Tidak Diketahui,Tidak Diketahui,Tidak Diketahui,895000000,https://www.olx.co.id/item/land-rover-range-rover-velar-20-p250-r-dynamic-s-nik-2018-white-on-bl-iid-945064230
Tidak Diketahui,Tidak Diketahui,2023,25000,Tidak Diketahui,Tidak Diketahui,Tidak Diketahui,435000000,https://www.olx.co.id/item/hyundai-ioniq-5-long-range-listrik-2023-blue-link-golden-iid-943488940
Tidak Diketahui,Tidak Diketahui,2023,15000,Tidak Diketahui,Tidak Diketahui,Tidak Diketahui,495000000,https://www.olx.co.id/item/km-16rb-honda-accord-15-turbo-sensing-cvt-2023-iid-945064129
Tidak Diketahui,Tidak Diketahui,2021,35000,Tidak Diketahui,Tidak Diketahui,Tidak Diketahui,160000000,https://www.olx.co.id/item/dp-20jt-km-40rb-wuling-almaz-exclusive-7-seat-2021-siap-pakai-iid-945064046
Tidak Diketahui,Tidak Diketahui,2023,5000,Tidak Diketahui,Tidak Diketahui,Tidak Diketahui,895000000,https://www.olx.co.id/item/km10rb-mercedes-benz-e300-w213-amg-line-facelift-nik-2023-white-on-bla-iid-945064028
Tidak Diketahui,Tidak Diketahui,2020,35000,Tidak Diketahui,Tidak Diketahui,Tidak Diketahui,590000000,https://www.olx.co.id/item/cash-bmw-520i-anniversary-75th-2020-km-low-2021-2019-2018-iid-945064025
Tidak Diketahui,Tidak Diketahui,2016,75000,Tidak Diketahui,Tidak Diketahui,Tidak Diketahui,258000000,https://www.olx.co.id/item/bmw-320i-at-nik-2016-iid-945063853
Tidak Diketahui,Tidak Diketahui,2010,110000,Tidak Diketahui,Tidak Diketahui,Tidak Diketahui,95000000,https://www.olx.co.id/item/honda-jazz-s-15-at-2010-good-condition--iid-945063829
Tidak Diketahui,Tidak Diketahui,2023,55000,Tidak Diketahui,Tidak Diketahui,Tidak Diketahui,765000000,https://www.olx.co.id/item/cash-palisade-signature-2023-tgn1-low-km-2022-2021-2020-iid-945063803
Tidak Diketahui,Tidak Diketahui,2006,105000,Tidak Diketahui,Tidak Diketahui,Tidak Diketahui,136000000,https://www.olx.co.id/item/toyota-alphard-2006-iid-945063797
Tidak Diketahui,Tidak Diketahui,2017,75000,Tidak Diketahui,Tidak Diketahui,Tidak Diketahui,118000000,https://www.olx.co.id/item/dp-rendah-nissan-grand-livina-15-sv-bensin-at-2017-kfj-iid-945030463
Tidak Diketahui,Tidak Diketahui,2022,80000,Tidak Diketahui,Tidak Diketahui,Tidak Diketahui,326000000,https://www.olx.co.id/item/termurah-toyota-camry-25-v-bensin-at-2022-sas-b-iid-945059601
Tidak Diketahui,Tidak Diketahui,2024,10000,Tidak Diketahui,Tidak Diketahui,Tidak Diketahui,170000000,https://www.olx.co.id/item/termurah-honda-brio-satya-12-e-bensin-at-2024-zoe-b-iid-945059874
Tidak Diketahui,Tidak Diketahui,2022,60000,Tidak Diketahui,Tidak Diketahui,Tidak Diketahui,187000000,https://www.olx.co.id/item/low-dp-toyota-raize-10-gr-sport-two-tone-bensin-at-2022-9vp-iid-945051261
Tidak Diketahui,Tidak Diketahui,2024,0,Tidak Diketahui,Tidak Diketahui,Tidak Diketahui,775000000,https://www.olx.co.id/item/dp10-km4000-c200-avantgarde-2024-white-reg-2023-autohigh-iid-944532525
Tidak Diketahui,Tidak Diketahui,2019,15000,Tidak Diketahui,Tidak Diketahui,Tidak Diketahui,695000000,https://www.olx.co.id/item/dp10-km27000-alphard-g-2019-black-reg-2020-autohigh-iid-944530899
Tidak Diketahui,Tidak Diketahui,2017,90000,Tidak Diketahui,Tidak Diketahui,Tidak Diketahui,362000000,https://www.olx.co.id/item/pajero-dakar-2017-berkualitass-iid-944891604
Tidak Diketahui,Tidak Diketahui,2025,0,Tidak Diketahui,Tidak Diketahui,Tidak Diketahui,585000000,https://www.olx.co.id/item/mobil-baru-byd-seal-premium-rwd-2025-iid-944306713
Tidak Diketahui,Tidak Diketahui,2026,0,Tidak Diketahui,Tidak Diketahui,Tidak Diketahui,200000000,https://www.olx.co.id/item/stargazer-essential-ivt-15-iid-945063751
Tidak Diketahui,Tidak Diketahui,2023,25000,Tidak Diketahui,Tidak Diketahui,Tidak Diketahui,235000000,https://www.olx.co.id/item/kia-sonet-15-premiere-ivt-spec-tertinggi-cooler-seats-sunroof-bose-iid-945063712
Tidak Diketahui,Tidak Diketahui,2015,85000,Tidak Diketahui,Tidak Diketahui,Tidak Diketahui,260000000,https://www.olx.co.id/item/harrier-cbu-2015-hitam-premium-sound-jbl-last-edition-iid-944441862
Tidak Diketahui,Tidak Diketahui,2020,95000,Tidak Diketahui,Tidak Diketahui,Tidak Diketahui,870000000,https://www.olx.co.id/item/cash-prado-txl-2020-tgn1-2019-2018-iid-945063694
Tidak Diketahui,Tidak Diketahui,2017,45000,Tidak Diketahui,Tidak Diketahui,Tidak Diketahui,515000000,https://www.olx.co.id/item/toyota-new-vellfire-25-g-atpm-nik-2017-black-on-black-pilot-seat-iid-945063670
Tidak Diketahui,Tidak Diketahui,2015,90000,Tidak Diketahui,Tidak Diketahui,Tidak Diketahui,180000000,https://www.olx.co.id/item/promo-termurah-tdp-mulai-dari-15-juta-saja-iid-945063662
Tidak Diketahui,Tidak Diketahui,2013,55000,Tidak Diketahui,Tidak Diketahui,Tidak Diketahui,290000000,https://www.olx.co.id/item/cash-ml350-sunroof-2013-2014-2015-iid-945063603
Tidak Diketahui,Tidak Diketahui,2010,70000,Tidak Diketahui,Tidak Diketahui,Tidak Diketahui,115000000,https://www.olx.co.id/item/honda-all-new-crv-24-i-vtec-facelift-nik-2010-alabaster-silver-metall-iid-945063391
Tidak Diketahui,Tidak Diketahui,2018,65000,Tidak Diketahui,Tidak Diketahui,Tidak Diketahui,480000000,https://www.olx.co.id/item/mercedes-benz-gle-250-d-iid-945063124
Tidak Diketahui,Tidak Diketahui,2019,80000,Tidak Diketahui,Tidak Diketahui,Tidak Diketahui,176000000,https://www.olx.co.id/item/termurah-nissan-livina-15-vl-bensin-at-2019-bmu-b-iid-945059940
Tidak Diketahui,Tidak Diketahui,2017,95000,Tidak Diketahui,Tidak Diketahui,Tidak Diketahui,84000000,https://www.olx.co.id/item/dp-murah-daihatsu-ayla-10-x-bensin-at-2017-abu-cbonb-iid-945056387
Tidak Diketahui,Tidak Diketahui,2017,95000,Tidak Diketahui,Tidak Diketahui,Tidak Diketahui,84000000,https://www.olx.co.id/item/dp-murah-daihatsu-ayla-10-x-bensin-at-2017-abu-cbonb-iid-945056386
Tidak Diketahui,Tidak Diketahui,2014,300000,Tidak Diketahui,Tidak Diketahui,Tidak Diketahui,104000000,https://www.olx.co.id/item/dp-murah-suzuki-ertiga-14-gx-bensin-at-2014-abu-c6ona-iid-945057216
Tidak Diketahui,Tidak Diketahui,2017,75000,Tidak Diketahui,Tidak Diketahui,Tidak Diketahui,299000000,https://www.olx.co.id/item/bmw-320i-b48-f30-lci-putih-2017-tdp-murmer-ori-menarik-bu-antik-simpan-iid-944460102
Tidak Diketahui,Tidak Diketahui,2010,25000,Tidak Diketahui,Tidak Diketahui,Tidak Diketahui,185000000,https://www.olx.co.id/item/honda-all-new-crv-24-i-vtec-facelift-nik-2010-pjk-pnjng-1thn-iid-944629760
Tidak Diketahui,Tidak Diketahui,2023,5000,Tidak Diketahui,Tidak Diketahui,Tidak Diketahui,695000000,https://www.olx.co.id/item/dp10-km11000-c200-avantgarde-2023-white-reg-2024-autohigh-iid-944451297
Tidak Diketahui,Tidak Diketahui,2025,5000,Tidak Diketahui,Tidak Diketahui,Tidak Diketahui,1875000000,https://www.olx.co.id/item/bmw-m4c-competition-coupe-xdrive-nik-2022-sao-paulo-yellow-on-marina-b-iid-944980792
Tidak Diketahui,Tidak Diketahui,2024,20000,Tidak Diketahui,Tidak Diketahui,Tidak Diketahui,740000000,https://www.olx.co.id/item/bmw-ix1-edrive20-m-sport-nik-2024-akhir-black-on-black-full-original-iid-945063045
Tidak Diketahui,Tidak Diketahui,2012,85000,Tidak Diketahui,Tidak Diketahui,Tidak Diketahui,185000000,https://www.olx.co.id/item/bmw-x3-2012-good-condition-iid-943727590
Tidak Diketahui,Tidak Diketahui,1995,80000,Tidak Diketahui,Tidak Diketahui,Tidak Diketahui,79000000,https://www.olx.co.id/item/genio-16-mt-1995-km-80rbcash-iid-944459257
Tidak Diketahui,Tidak Diketahui,2012,75000,Tidak Diketahui,Tidak Diketahui,Tidak Diketahui,250000000,https://www.olx.co.id/item/mercedes-benz-e250-cgi-at-2012-iid-945062959
Tidak Diketahui,Tidak Diketahui,2002,115000,Tidak Diketahui,Tidak Diketahui,Tidak Diketahui,75000000,https://www.olx.co.id/item/bmw-e39-520i-2002-bensin-iid-938294030
Tidak Diketahui,Tidak Diketahui,2018,45000,Tidak Diketahui,Tidak Diketahui,Tidak Diketahui,234000000,https://www.olx.co.id/item/garansi-5th-toyota-chr-c-hr-18-non-hybrid-at-20182019-iid-945062943
Tidak Diketahui,Tidak Diketahui,2019,55000,Tidak Diketahui,Tidak Diketahui,Tidak Diketahui,205000000,https://www.olx.co.id/item/nissan-serena-x-20-at-2019-bensin-iid-932821542
Tidak Diketahui,Tidak Diketahui,2017,55000,Tidak Diketahui,Tidak Diketahui,Tidak Diketahui,415000000,https://www.olx.co.id/item/mini-cooper-countryman-facelift-f60-20-s-turbo-panoramic-nik-2017-whi-iid-945062853
Tidak Diketahui,Tidak Diketahui,2019,15000,Tidak Diketahui,Tidak Diketahui,Tidak Diketahui,115000000,https://www.olx.co.id/item/km-18rb-dp-12jt-toyota-calya-g-12-at-2019-antik-iid-945062693
Tidak Diketahui,Tidak Diketahui,2021,90000,Tidak Diketahui,Tidak Diketahui,Tidak Diketahui,309000000,https://www.olx.co.id/item/toyota-voxy-at-20-th-2021-hitam-iid-944219460
Tidak Diketahui,Tidak Diketahui,2018,65000,Tidak Diketahui,Tidak Diketahui,Tidak Diketahui,527000000,https://www.olx.co.id/item/dp-murah-toyota-alphard-25-g-bensin-at-2018-hitam-ckprb-iid-945058861
Tidak Diketahui,Tidak Diketahui,2019,100000,Tidak Diketahui,Tidak Diketahui,Tidak Diketahui,132000000,https://www.olx.co.id/item/dp-murah-honda-brio-satya-12-e-bensin-at-2019-abu-abu-c9yia-iid-945059021
Tidak Diketahui,Tidak Diketahui,2019,85000,Tidak Diketahui,Tidak Diketahui,Tidak Diketahui,290000000,https://www.olx.co.id/item/dp-murah-mazda-cx-5-25-elite-bensin-at-2019-abu-csitb-iid-945059222
Tidak Diketahui,Tidak Diketahui,2021,85000,Tidak Diketahui,Tidak Diketahui,Tidak Diketahui,306000000,https://www.olx.co.id/item/dp-murah-toyota-kijang-innova-20-v-bensin-at-2021-ckzsb-iid-945059277
Tidak Diketahui,Tidak Diketahui,2021,15000,Tidak Diketahui,Tidak Diketahui,Tidak Diketahui,540000000,https://www.olx.co.id/item/dp10-km22000-c200-amg-2021-black-reg-2022-autohigh-iid-943093461
Tidak Diketahui,Tidak Diketahui,2022,25000,Tidak Diketahui,Tidak Diketahui,Tidak Diketahui,375000000,https://www.olx.co.id/item/mazda-cx-8-cx8-elite-2022-hitam-low-km-iid-944714914
Tidak Diketahui,Tidak Diketahui,2022,65000,Tidak Diketahui,Tidak Diketahui,Tidak Diketahui,260000000,https://www.olx.co.id/item/tdp-5-juta-xpander-cross-2022-iid-944508466
Tidak Diketahui,Tidak Diketahui,2018,35000,Tidak Diketahui,Tidak Diketahui,Tidak Diketahui,385000000,https://www.olx.co.id/item/mercedes-benz-cla-200-cla200-amg-2018-abu2-mercy-b129bsb-km38rb-iid-944916641
Tidak Diketahui,Tidak Diketahui,2015,30000,Tidak Diketahui,Tidak Diketahui,Tidak Diketahui,360000000,https://www.olx.co.id/item/mercy-e400-amg-line-2015-30000km-iid-932061914
Tidak Diketahui,Tidak Diketahui,2018,45000,Tidak Diketahui,Tidak Diketahui,Tidak Diketahui,234000000,https://www.olx.co.id/item/garansi-5th-toyota-chr-c-hr-18-non-hybrid-at-20182019-iid-945062511
Tidak Diketahui,Tidak Diketahui,2018,65000,Tidak Diketahui,Tidak Diketahui,Tidak Diketahui,280000000,https://www.olx.co.id/item/km-antik-63-ribu-honda-cr-v-15-turbo-prestige-at-th2018-iid-945062445
Tidak Diketahui,Tidak Diketahui,2017,65000,Tidak Diketahui,Tidak Diketahui,Tidak Diketahui,399000000,https://www.olx.co.id/item/cash-mercedes-benz-s400-iid-945062405
Tidak Diketahui,Tidak Diketahui,2017,70000,Tidak Diketahui,Tidak Diketahui,Tidak Diketahui,150000000,https://www.olx.co.id/item/dp-15-juta-toyota-sienta-q-15-cvt-th-2017-iid-945062368
Tidak Diketahui,Tidak Diketahui,2024,5000,Tidak Diketahui,Tidak Diketahui,Tidak Diketahui,840000000,https://www.olx.co.id/item/dp10-km12000-palisade-signature-2024-xrt-reg-2023-autohigh-iid-942750198
Tidak Diketahui,Tidak Diketahui,2016,30000,Tidak Diketahui,Tidak Diketahui,Tidak Diketahui,325000000,https://www.olx.co.id/item/bmw-f30-320i-sport-line-lci-facelift-nik-2016-black-on-black-iid-945062356
Tidak Diketahui,Tidak Diketahui,2017,25000,Tidak Diketahui,Tidak Diketahui,Tidak Diketahui,610000000,https://www.olx.co.id/item/dp10-km33000-rx200t-luxury-2017-white-rx300-reg-2018-autohigh-iid-942750226
Tidak Diketahui,Tidak Diketahui,2017,25000,Tidak Diketahui,Tidak Diketahui,Tidak Diketahui,610000000,https://www.olx.co.id/item/dp10-km33000-rx200t-luxury-2017-white-rx200-reg-2016-autohigh-iid-942750244
Tidak Diketahui,Tidak Diketahui,2011,120000,Tidak Diketahui,Tidak Diketahui,Tidak Diketahui,105000000,https://www.olx.co.id/item/dp-murah-mazda-8-23-bensin-at-2012-putih-cszmb-iid-945059551
Tidak Diketahui,Tidak Diketahui,2021,40000,Tidak Diketahui,Tidak Diketahui,Tidak Diketahui,209000000,https://www.olx.co.id/item/promo-low-angsuran-toyota-raize-10-t-gr-sport-tss-two-tone-2021-ajj-iid-944299731
Tidak Diketahui,Tidak Diketahui,2014,65000,Tidak Diketahui,Tidak Diketahui,Tidak Diketahui,188000000,https://www.olx.co.id/item/promo-low-angsuran-honda-jazz-15-rs-bensin-at-2016-ayu-iid-944552921
Tidak Diketahui,Tidak Diketahui,2019,110000,Tidak Diketahui,Tidak Diketahui,Tidak Diketahui,214000000,https://www.olx.co.id/item/promo-low-angsuran-mitsubishi-xpander-15-cross-bensin-at-2020-ffq-iid-944552992
Tidak Diketahui,Tidak Diketahui,2023,0,Tidak Diketahui,Tidak Diketahui,Tidak Diketahui,775000000,https://www.olx.co.id/item/dp10-km6000-gla35-amg-2023-black-gla-35-reg-2024-autohigh-iid-944920059
Tidak Diketahui,Tidak Diketahui,2023,0,Tidak Diketahui,Tidak Diketahui,Tidak Diketahui,835000000,https://www.olx.co.id/item/dp10-km6000-c300-amg-2023-black-reg-2024-autohigh-iid-943565240
Tidak Diketahui,Tidak Diketahui,2024,0,Tidak Diketahui,Tidak Diketahui,Tidak Diketahui,865000000,https://www.olx.co.id/item/dp10-km11000-x3-luxury-2024-white-m-sport-reg-2025-autohigh-iid-943093573
Tidak Diketahui,Tidak Diketahui,2022,45000,Tidak Diketahui,Tidak Diketahui,Tidak Diketahui,2495000000,https://www.olx.co.id/item/lexus-lx600-at-7-seater-2022-hitam-km48rb-b8500gk-iid-944916469
Tidak Diketahui,Tidak Diketahui,2021,15000,Tidak Diketahui,Tidak Diketahui,Tidak Diketahui,1250000000,https://www.olx.co.id/item/bmw-x7-xdrive40i-opulence-at-2021-putih-km18rb-b19apb-iid-945062344
Tidak Diketahui,Tidak Diketahui,2017,25000,Tidak Diketahui,Tidak Diketahui,Tidak Diketahui,610000000,https://www.olx.co.id/item/dp10-km33000-rx200t-luxury-2017-white-rx300-reg-2018-autohigh-iid-942750262
Tidak Diketahui,Tidak Diketahui,2022,0,Tidak Diketahui,Tidak Diketahui,Tidak Diketahui,1050000000,https://www.olx.co.id/item/dp10-km10000-x5-7seater-2022-white-reg-2023-autohigh-iid-938664962
Tidak Diketahui,Tidak Diketahui,2017,25000,Tidak Diketahui,Tidak Diketahui,Tidak Diketahui,610000000,https://www.olx.co.id/item/dp10-km33000-rx200t-luxury-2017-white-rx200-reg-2016-autohigh-iid-942750281
Tidak Diketahui,Tidak Diketahui,2024,0,Tidak Diketahui,Tidak Diketahui,Tidak Diketahui,2225000000,https://www.olx.co.id/item/dp10-km11000-land-cruiser-vxr-2024-black-gr-reg-2025-autohigh-iid-937516117
Tidak Diketahui,Tidak Diketahui,2024,0,Tidak Diketahui,Tidak Diketahui,Tidak Diketahui,545000000,https://www.olx.co.id/item/dp10-km10000-218i-gran-coupe-2024-black-reg-2023-autohigh-iid-943622472
Tidak Diketahui,Tidak Diketahui,2022,5000,Tidak Diketahui,Tidak Diketahui,Tidak Diketahui,1250000000,https://www.olx.co.id/item/dp10-km13000-gle450-amg-2022-black-gle-450-reg-2023-autohigh-iid-942771982
Tidak Diketahui,Tidak Diketahui,2022,5000,Tidak Diketahui,Tidak Diketahui,Tidak Diketahui,1250000000,https://www.olx.co.id/item/dp10-km13000-gle450-amg-2022-black-gle-450-reg-2021-autohigh-iid-942772141
Tidak Diketahui,Tidak Diketahui,2022,5000,Tidak Diketahui,Tidak Diketahui,Tidak Diketahui,1250000000,https://www.olx.co.id/item/dp10-km13000-gle450-amg-2022-black-gle-450-reg-2023-autohigh-iid-942772225
Tidak Diketahui,Tidak Diketahui,2022,65000,Tidak Diketahui,Tidak Diketahui,Tidak Diketahui,210000000,https://www.olx.co.id/item/honda-all-new-city-rs-hatchback-hb-cvt-at-pemk-2023-grey-on-black-tgn-iid-945062258
Tidak Diketahui,Tidak Diketahui,2017,100000,Tidak Diketahui,Tidak Diketahui,Tidak Diketahui,170000000,https://www.olx.co.id/item/promo-low-angsuran-toyota-yaris-15-trd-sportivo-bensin-at-2017-fmy-iid-944553091
Tidak Diketahui,Tidak Diketahui,2021,50000,Tidak Diketahui,Tidak Diketahui,Tidak Diketahui,228000000,https://www.olx.co.id/item/promo-low-angsuran-toyota-sienta-15-q-bensin-at-2021-taz-iid-944553502
Tidak Diketahui,Tidak Diketahui,2011,155000,Tidak Diketahui,Tidak Diketahui,Tidak Diketahui,136000000,https://www.olx.co.id/item/dp-rendah-toyota-fortuner-27-g-bensin-at-2011-clq-iid-945035746
Tidak Diketahui,Tidak Diketahui,2022,80000,Tidak Diketahui,Tidak Diketahui,Tidak Diketahui,326000000,https://www.olx.co.id/item/dp-rendah-toyota-camry-25-v-bensin-at-2022-sas-iid-945035814
Tidak Diketahui,Tidak Diketahui,2023,0,Tidak Diketahui,Tidak Diketahui,Tidak Diketahui,660000000,https://www.olx.co.id/item/dp10-km5000-gla200-amg-2023-white-gla-200-reg-2025-autohigh-iid-943621915
Tidak Diketahui,Tidak Diketahui,2023,65000,Tidak Diketahui,Tidak Diketahui,Tidak Diketahui,200000000,https://www.olx.co.id/item/stargazer-x-2023-genap-automatic-stargazer-x-prime-2023-iid-944714467
Tidak Diketahui,Tidak Diketahui,2022,45000,Tidak Diketahui,Tidak Diketahui,Tidak Diketahui,88000000,https://www.olx.co.id/item/renault-triber-rxz-at-2022-fulloriginal-sepertibaru-gressssss-iid-940341639
Tidak Diketahui,Tidak Diketahui,2026,0,Tidak Diketahui,Tidak Diketahui,Tidak Diketahui,309900000,https://www.olx.co.id/item/mobil-baru-jaecoo-j5-ev-premium-2026-iid-944308116
Tidak Diketahui,Tidak Diketahui,2022,5000,Tidak Diketahui,Tidak Diketahui,Tidak Diketahui,1250000000,https://www.olx.co.id/item/dp10-km13000-gle450-amg-2022-black-gle-450-reg-2021-autohigh-iid-942772286
Tidak Diketahui,Tidak Diketahui,2012,25000,Tidak Diketahui,Tidak Diketahui,Tidak Diketahui,305000000,https://www.olx.co.id/item/f30-328i-28rb-miles-low-km-no-pr-50jt-mods-siapa-cepat-dia-dapat-iid-945062253
Tidak Diketahui,Tidak Diketahui,2024,0,Tidak Diketahui,Tidak Diketahui,Tidak Diketahui,545000000,https://www.olx.co.id/item/dp10-km10000-218i-gran-coupe-2024-black-reg-2023-autohigh-iid-943622550
Tidak Diketahui,Tidak Diketahui,2012,5000,Tidak Diketahui,Tidak Diketahui,Tidak Diketahui,2600000000,https://www.olx.co.id/item/lamborghini-gallardo-lp560-4-coupe-at-2012-b888bul-km9rb-iid-945062240
Tidak Diketahui,Tidak Diketahui,2022,5000,Tidak Diketahui,Tidak Diketahui,Tidak Diketahui,1250000000,https://www.olx.co.id/item/dp10-km12000-gle450-amg-2022-black-gle-450-reg-2021-autohigh-iid-944251607
Tidak Diketahui,Tidak Diketahui,2022,5000,Tidak Diketahui,Tidak Diketahui,Tidak Diketahui,1250000000,https://www.olx.co.id/item/dp10-km12000-gle450-amg-2022-black-gle-450-reg-2023-autohigh-iid-944251591
Tidak Diketahui,Tidak Diketahui,2023,0,Tidak Diketahui,Tidak Diketahui,Tidak Diketahui,835000000,https://www.olx.co.id/item/dp10-km8000-c300-amg-2023-white-reg-2022-autohigh-iid-944251504
Tidak Diketahui,Tidak Diketahui,2020,5000,Tidak Diketahui,Tidak Diketahui,Tidak Diketahui,370000000,https://www.olx.co.id/item/dp10-km19000-camry-v-2020-black-reg-2022-autohigh-iid-944251430
Tidak Diketahui,Tidak Diketahui,2025,0,Tidak Diketahui,Tidak Diketahui,Tidak Diketahui,3200000000,https://www.olx.co.id/item/lexus-lx600-at-7-seater-2025-hitam-km500perak-nik-2024-b88suv-iid-945062215
Tidak Diketahui,Tidak Diketahui,2021,35000,Tidak Diketahui,Tidak Diketahui,Tidak Diketahui,180000000,https://www.olx.co.id/item/dp-rendah-honda-brio-12-rs-bensin-at-2021-nis-iid-945035888
Tidak Diketahui,Tidak Diketahui,2022,50000,Tidak Diketahui,Tidak Diketahui,Tidak Diketahui,190000000,https://www.olx.co.id/item/dp-rendah-daihatsu-xenia-13-x-bensin-at-2022-czx-iid-945035947
Tidak Diketahui,Tidak Diketahui,2024,10000,Tidak Diketahui,Tidak Diketahui,Tidak Diketahui,170000000,https://www.olx.co.id/item/dp-rendah-honda-brio-satya-12-e-bensin-at-2024-zoe-iid-945035983
Tidak Diketahui,Tidak Diketahui,2019,80000,Tidak Diketahui,Tidak Diketahui,Tidak Diketahui,176000000,https://www.olx.co.id/item/dp-rendah-nissan-livina-15-vl-bensin-at-2019-bmu-iid-945036118
Tidak Diketahui,Tidak Diketahui,2011,60000,Tidak Diketahui,Tidak Diketahui,Tidak Diketahui,249000000,https://www.olx.co.id/item/welcab-alphard-24-tahun-2011-siap-pakai-iid-944923859
Tidak Diketahui,Tidak Diketahui,2024,15000,Tidak Diketahui,Tidak Diketahui,Tidak Diketahui,525000000,https://www.olx.co.id/item/low-km-15rb-mitsubishi-pajero-sport-dakar-24-sunroof-20242025-iid-944340793
Tidak Diketahui,Tidak Diketahui,2022,10000,Tidak Diketahui,Tidak Diketahui,Tidak Diketahui,384000000,https://www.olx.co.id/item/low-km-10rb-suzuki-jimny-15-4x4-3-door-at-2022-2023-iid-944958471
Tidak Diketahui,Tidak Diketahui,2023,10000,Tidak Diketahui,Tidak Diketahui,Tidak Diketahui,1725000000,https://www.olx.co.id/item/bmw-m4-competition-coupe-at-2023-kuning-b9sjc-km15rb-nik-2022-iid-944916878
Tidak Diketahui,Tidak Diketahui,2020,5000,Tidak Diketahui,Tidak Diketahui,Tidak Diketahui,370000000,https://www.olx.co.id/item/dp10-km19000-camry-v-2020-black-reg-2021-autohigh-iid-944251407
Tidak Diketahui,Tidak Diketahui,2023,5000,Tidak Diketahui,Tidak Diketahui,Tidak Diketahui,720000000,https://www.olx.co.id/item/dp10-km12000-mini-cooper-20-s-turbo-2023-white-reg-2022-autohigh-iid-941969585
Tidak Diketahui,Tidak Diketahui,2023,5000,Tidak Diketahui,Tidak Diketahui,Tidak Diketahui,720000000,https://www.olx.co.id/item/dp10-km12000-mini-cooper-20-s-turbo-2023-white-reg-2022-autohigh-iid-941969554
Tidak Diketahui,Tidak Diketahui,2024,5000,Tidak Diketahui,Tidak Diketahui,Tidak Diketahui,1650000000,https://www.olx.co.id/item/mercedes-benz-gle450-gle-450-amg-2025-hitam-km9rb-nik-2024-b2976sjl-iid-945062198
Tidak Diketahui,Tidak Diketahui,2023,20000,Tidak Diketahui,Tidak Diketahui,Tidak Diketahui,650000000,https://www.olx.co.id/item/mercedes-benz-c200-2023-abu2-metalik-mercy-km23rb-b1116nae-nik-2022-iid-945062179
Tidak Diketahui,Tidak Diketahui,2024,0,Tidak Diketahui,Tidak Diketahui,Tidak Diketahui,1125000000,https://www.olx.co.id/item/dp10-km7000-e200-exclusive-2024-black-reg-2025-autohigh-iid-944251318
Tidak Diketahui,Tidak Diketahui,2024,0,Tidak Diketahui,Tidak Diketahui,Tidak Diketahui,1125000000,https://www.olx.co.id/item/dp10-km7000-e200-exclusive-2024-black-reg-2025-autohigh-iid-944251352
Tidak Diketahui,Tidak Diketahui,2020,5000,Tidak Diketahui,Tidak Diketahui,Tidak Diketahui,370000000,https://www.olx.co.id/item/dp10-km19000-camry-v-2020-black-reg-2021-autohigh-iid-944251378
Tidak Diketahui,Tidak Diketahui,2020,5000,Tidak Diketahui,Tidak Diketahui,Tidak Diketahui,370000000,https://www.olx.co.id/item/dp10-km19000-camry-v-2020-black-reg-2022-autohigh-iid-944251387
Tidak Diketahui,Tidak Diketahui,2017,15000,Tidak Diketahui,Tidak Diketahui,Tidak Diketahui,525000000,https://www.olx.co.id/item/toyota-alphard-25-g-atpm-2018-hitam-km19rb-b2409ufv-nik-2017-iid-945062150
Tidak Diketahui,Tidak Diketahui,2018,65000,Tidak Diketahui,Tidak Diketahui,Tidak Diketahui,140000000,https://www.olx.co.id/item/promo-low-angsuran-honda-brio-12-rs-bensin-at-2018-tzn-iid-944427995
Tidak Diketahui,Tidak Diketahui,2013,105000,Tidak Diketahui,Tidak Diketahui,Tidak Diketahui,65000000,https://www.olx.co.id/item/dp-murah-daihatsu-ayla-10-m-bensin-at-2013-csynb-iid-945002479
Tidak Diketahui,Tidak Diketahui,2018,70000,Tidak Diketahui,Tidak Diketahui,Tidak Diketahui,175000000,https://www.olx.co.id/item/dp-rendah-nissan-x-trail-20-bensin-at-2018-byu-iid-945032507
Tidak Diketahui,Tidak Diketahui,2020,180000,Tidak Diketahui,Tidak Diketahui,Tidak Diketahui,176000000,https://www.olx.co.id/item/dp-rendah-toyota-rush-15-s-bensin-at-2020-nzk-iid-945032623
Tidak Diketahui,Tidak Diketahui,2019,135000,Tidak Diketahui,Tidak Diketahui,Tidak Diketahui,280000000,https://www.olx.co.id/item/tdp-10-juta-voxy-2019-iid-944610372
Tidak Diketahui,Tidak Diketahui,2017,15000,Tidak Diketahui,Tidak Diketahui,Tidak Diketahui,525000000,https://www.olx.co.id/item/toyota-alphard-25-g-atpm-2018-hitam-km19rb-b2409ufv-nik-2017-iid-944994602
Tidak Diketahui,Tidak Diketahui,2008,170000,Tidak Diketahui,Tidak Diketahui,Tidak Diketahui,94000000,https://www.olx.co.id/item/nissan-murano-tahun-2008-automatic-silver-iid-944608223
Tidak Diketahui,Tidak Diketahui,2024,20000,Tidak Diketahui,Tidak Diketahui,Tidak Diketahui,188000000,https://www.olx.co.id/item/mitsubishi-new-xpander-exceed-15-cvt-2024km20rbantikrecorddp9jt-iid-945004041
Tidak Diketahui,Tidak Diketahui,2022,5000,Tidak Diketahui,Tidak Diketahui,Tidak Diketahui,1250000000,https://www.olx.co.id/item/dp10-km12000-gle450-amg-2022-black-gle-450-reg-2021-autohigh-iid-944251635
Tidak Diketahui,Tidak Diketahui,2022,5000,Tidak Diketahui,Tidak Diketahui,Tidak Diketahui,1250000000,https://www.olx.co.id/item/dp10-km12000-gle450-amg-2022-black-gle-450-reg-2023-autohigh-iid-944251621
Tidak Diketahui,Tidak Diketahui,2013,5000,Tidak Diketahui,Tidak Diketahui,Tidak Diketahui,375000000,https://www.olx.co.id/item/km10rb-range-rover-evoque-dinamic-luxury-3tv-rear-se-iid-945062136
Tidak Diketahui,Tidak Diketahui,2022,35000,Tidak Diketahui,Tidak Diketahui,Tidak Diketahui,460000000,https://www.olx.co.id/item/toyota-innova-venturer-24-diesel-at-2022-hitam-inova-b8666wn-km38rb-iid-945062124
Tidak Diketahui,Tidak Diketahui,2001,195000,Tidak Diketahui,Tidak Diketahui,Tidak Diketahui,33000000,https://www.olx.co.id/item/kia-carens-i-2001-bensin-iid-945061930
Tidak Diketahui,Tidak Diketahui,2023,25000,Tidak Diketahui,Tidak Diketahui,Tidak Diketahui,345000000,https://www.olx.co.id/item/garansi-5th-mazda-3-mazda3-sedan-20-skyactiv-sunroof-at-20232024-iid-945061899
Tidak Diketahui,Tidak Diketahui,2023,25000,Tidak Diketahui,Tidak Diketahui,Tidak Diketahui,345000000,https://www.olx.co.id/item/garansi-5th-mazda-3-mazda3-sedan-20-skyactiv-sunroof-at-20232024-iid-945061847
Tidak Diketahui,Tidak Diketahui,2023,25000,Tidak Diketahui,Tidak Diketahui,Tidak Diketahui,345000000,https://www.olx.co.id/item/garansi-5th-mazda-3-mazda3-sedan-20-skyactiv-sunroof-at-20232024-iid-945061808
Tidak Diketahui,Tidak Diketahui,2019,75000,Tidak Diketahui,Tidak Diketahui,Tidak Diketahui,525000000,https://www.olx.co.id/item/cash-toyota-vellfire-g-atpm-iid-945061802
Tidak Diketahui,Tidak Diketahui,2018,95000,Tidak Diketahui,Tidak Diketahui,Tidak Diketahui,210000000,https://www.olx.co.id/item/dp-rendah-toyota-rush-15-trd-sportivo-bensin-at-2018-pfd-iid-945032762
Tidak Diketahui,Tidak Diketahui,2021,55000,Tidak Diketahui,Tidak Diketahui,Tidak Diketahui,191000000,https://www.olx.co.id/item/dp-rendah-wuling-almaz-rs-15-t-pro-bensin-at-2021-ffs-iid-945032827
Tidak Diketahui,Tidak Diketahui,2021,40000,Tidak Diketahui,Tidak Diketahui,Tidak Diketahui,209000000,https://www.olx.co.id/item/promo-low-angsuran-toyota-raize-10-t-gr-sport-tss-two-tone-2021-ajj-iid-944299339
Tidak Diketahui,Tidak Diketahui,2019,50000,Tidak Diketahui,Tidak Diketahui,Tidak Diketahui,131000000,https://www.olx.co.id/item/dp-rendah-toyota-calya-12-new-g-bensin-at-2019-pkk-iid-945033001
Tidak Diketahui,Tidak Diketahui,2012,45000,Tidak Diketahui,Tidak Diketahui,Tidak Diketahui,185000000,https://www.olx.co.id/item/mercedes-benz-w204-c200-cgi-at-2012-iid-944697921
Tidak Diketahui,Tidak Diketahui,2020,10000,Tidak Diketahui,Tidak Diketahui,Tidak Diketahui,1150000000,https://www.olx.co.id/item/low-kilometer-bergaransi-mercedes-benz-c43-amg-coupe-2020-iid-944871768
Tidak Diketahui,Tidak Diketahui,2018,35000,Tidak Diketahui,Tidak Diketahui,Tidak Diketahui,1639000000,https://www.olx.co.id/item/toyota-land-cruiser-200-vx-r-4x4-2018-iid-945046133
Tidak Diketahui,Tidak Diketahui,2013,80000,Tidak Diketahui,Tidak Diketahui,Tidak Diketahui,298000000,https://www.olx.co.id/item/ford-raptor-f150-gen-4-2013-model-terbaru-2025-full-upgrade-perfect-iid-943564022
Tidak Diketahui,Tidak Diketahui,2012,130000,Tidak Diketahui,Tidak Diketahui,Tidak Diketahui,105000000,https://www.olx.co.id/item/tdp-25jtags-29jt-juke-rx-cvt-15-at-2012-hitam-istimewa-terawat-iid-945061669
Tidak Diketahui,Tidak Diketahui,2015,65000,Tidak Diketahui,Tidak Diketahui,Tidak Diketahui,139000000,https://www.olx.co.id/item/toyota-avanza-veloz-15-at-2015-iid-945061582
Tidak Diketahui,Tidak Diketahui,2014,10000,Tidak Diketahui,Tidak Diketahui,Tidak Diketahui,5800000000,https://www.olx.co.id/item/ferrari-458-giallo-modena-atpm-iid-945061578
Tidak Diketahui,Tidak Diketahui,2014,100000,Tidak Diketahui,Tidak Diketahui,Tidak Diketahui,135000000,https://www.olx.co.id/item/2014-toyota-rush-at-trd-sportivo-iid-945061517
Tidak Diketahui,Tidak Diketahui,2014,35000,Tidak Diketahui,Tidak Diketahui,Tidak Diketahui,248999999,https://www.olx.co.id/item/odo-low-antik-mercedes-benz-c200-avantgarde-2014-w205-iid-945061493
Tidak Diketahui,Tidak Diketahui,2020,45000,Tidak Diketahui,Tidak Diketahui,Tidak Diketahui,332000000,https://www.olx.co.id/item/antik-orisinil-honda-crv-prestige-turbo-2020-iid-945061451
Tidak Diketahui,Tidak Diketahui,2022,75000,Tidak Diketahui,Tidak Diketahui,Tidak Diketahui,199000000,https://www.olx.co.id/item/toyota-avanza-veloz-15-q-2022-istimewa-psm-iid-945061313
Tidak Diketahui,Tidak Diketahui,2019,40000,Tidak Diketahui,Tidak Diketahui,Tidak Diketahui,414999999,https://www.olx.co.id/item/pajak-apr-2027-bmw-x3-xdrive20i-luxury-g01-2019-iid-945061165
Tidak Diketahui,Tidak Diketahui,2022,25000,Tidak Diketahui,Tidak Diketahui,Tidak Diketahui,155000000,https://www.olx.co.id/item/honda-brio-satya-urbanite-iid-945061143
Tidak Diketahui,Tidak Diketahui,2022,75000,Tidak Diketahui,Tidak Diketahui,Tidak Diketahui,199000000,https://www.olx.co.id/item/toyota-avanza-veloz-15-q-2022-istimewa-kbl-iid-945061139
Tidak Diketahui,Tidak Diketahui,2016,120000,Tidak Diketahui,Tidak Diketahui,Tidak Diketahui,180000000,https://www.olx.co.id/item/promo-low-angsuran-toyota-rush-15-s-bensin-at-2016-aeh-iid-944351978
Tidak Diketahui,Tidak Diketahui,2019,60000,Tidak Diketahui,Tidak Diketahui,Tidak Diketahui,280000000,https://www.olx.co.id/item/dp-rendah-toyota-kijang-innova-20-v-bensin-at-2019-ukx-iid-945033064
Tidak Diketahui,Tidak Diketahui,2023,95000,Tidak Diketahui,Tidak Diketahui,Tidak Diketahui,151000000,https://www.olx.co.id/item/termurah-toyota-agya-12-new-g-bensin-at-2023-vzb-b-iid-944596119
Tidak Diketahui,Tidak Diketahui,2021,30000,Tidak Diketahui,Tidak Diketahui,Tidak Diketahui,489000000,https://www.olx.co.id/item/termurah-toyota-fortuner-24-vrz-gr-sport-at-2021-sjf-b-iid-944596297
Tidak Diketahui,Tidak Diketahui,2023,30000,Tidak Diketahui,Tidak Diketahui,Tidak Diketahui,263000000,https://www.olx.co.id/item/garansi-5th-mazda-cx-3-cx3-cx-3-15-sport-at-20232024-iid-945056256
Tidak Diketahui,Tidak Diketahui,2021,15000,Tidak Diketahui,Tidak Diketahui,Tidak Diketahui,540000000,https://www.olx.co.id/item/dp10-km22000-c200-amg-2021-black-reg-2022-autohigh-iid-943092269
Tidak Diketahui,Tidak Diketahui,2020,20000,Tidak Diketahui,Tidak Diketahui,Tidak Diketahui,550000000,https://www.olx.co.id/item/mini-cooper-countryman-20-s-at-2020-biru-panoramic-b2803hdc-km21rb-iid-944890060
Tidak Diketahui,Tidak Diketahui,2023,35000,Tidak Diketahui,Tidak Diketahui,Tidak Diketahui,1550000000,https://www.olx.co.id/item/mercedes-benz-gls-450-gls450-amg-2023-hitam-mercy-km37rb-d9rp-iid-943983999
Tidak Diketahui,Tidak Diketahui,2016,45000,Tidak Diketahui,Tidak Diketahui,Tidak Diketahui,425000000,https://www.olx.co.id/item/jual-cepat-mercedes-benz-e300-2016-iid-945060963
Tidak Diketahui,Tidak Diketahui,2019,70000,Tidak Diketahui,Tidak Diketahui,Tidak Diketahui,249000000,https://www.olx.co.id/item/volkswagen-tiguan-allspace-14-tsi-2019-iid-945060893
Tidak Diketahui,Tidak Diketahui,2020,15000,Tidak Diketahui,Tidak Diketahui,Tidak Diketahui,550000000,https://www.olx.co.id/item/km-19rb-mini-coopers-s-countryman-jcw-iid-945060810
Tidak Diketahui,Tidak Diketahui,2022,35000,Tidak Diketahui,Tidak Diketahui,Tidak Diketahui,230000000,https://www.olx.co.id/item/mitsubishi-xpander-cross-15-plus-at-2022-iid-945060756
Tidak Diketahui,Tidak Diketahui,2015,35000,Tidak Diketahui,Tidak Diketahui,Tidak Diketahui,375000000,https://www.olx.co.id/item/toyota-harrier-20-advance-gs-limited-nik-2015-black-on-black-iid-945060721
Tidak Diketahui,Tidak Diketahui,2025,0,Tidak Diketahui,Tidak Diketahui,Tidak Diketahui,315000000,https://www.olx.co.id/item/mazda-cx-3-15-sport-nik-2025-low-km-cx3-pro-2024-kuro-2023-iid-945060716
Tidak Diketahui,Tidak Diketahui,2025,0,Tidak Diketahui,Tidak Diketahui,Tidak Diketahui,315000000,https://www.olx.co.id/item/mazda-cx-3-15-sport-nik-2025-low-km-cx3-pro-2024-kuro-2023-iid-945060671
Tidak Diketahui,Tidak Diketahui,2023,10000,Tidak Diketahui,Tidak Diketahui,Tidak Diketahui,215000000,https://www.olx.co.id/item/chery-omoda-5-z-comfort-15-2023-hitam-black-2022-2024-omoda-5-z-iid-945060623
Tidak Diketahui,Tidak Diketahui,2017,95000,Tidak Diketahui,Tidak Diketahui,Tidak Diketahui,188000000,https://www.olx.co.id/item/honda-hrv-rs-prestige-2017-cvt-sunroof-white-edition-iid-945060515
Tidak Diketahui,Tidak Diketahui,2016,145000,Tidak Diketahui,Tidak Diketahui,Tidak Diketahui,93000000,https://www.olx.co.id/item/dp-rendah-chevrolet-trax-14-ltz-bensin-at-2016-tbs-iid-945030571
Tidak Diketahui,Tidak Diketahui,2007,205000,Tidak Diketahui,Tidak Diketahui,Tidak Diketahui,103000000,https://www.olx.co.id/item/dp-rendah-toyota-alphard-24-premium-sound-bensin-at-2007-06e-iid-945030677
Tidak Diketahui,Tidak Diketahui,2015,120000,Tidak Diketahui,Tidak Diketahui,Tidak Diketahui,150000000,https://www.olx.co.id/item/dp-rendah-mitsubishi-outlander-sport-20-px-bensin-at-2015-2na-iid-945030794
Tidak Diketahui,Tidak Diketahui,2023,95000,Tidak Diketahui,Tidak Diketahui,Tidak Diketahui,151000000,https://www.olx.co.id/item/dp-rendah-toyota-agya-12-new-g-bensin-at-2023-vzb-iid-945030894
Tidak Diketahui,Tidak Diketahui,2024,0,Tidak Diketahui,Tidak Diketahui,Tidak Diketahui,745000000,https://www.olx.co.id/item/dp10-km9000-x1-x-line-2024-black-reg-2025-autohigh-iid-944870313
Tidak Diketahui,Tidak Diketahui,2023,5000,Tidak Diketahui,Tidak Diketahui,Tidak Diketahui,900000000,https://www.olx.co.id/item/dp10-km19000-alphard-g-2023-white-reg-2022-autohigh-iid-944347050
Tidak Diketahui,Tidak Diketahui,2021,40000,Tidak Diketahui,Tidak Diketahui,Tidak Diketahui,730000000,https://www.olx.co.id/item/alphard-25-g-nik-2021-iid-944671057
Tidak Diketahui,Tidak Diketahui,2014,70000,Tidak Diketahui,Tidak Diketahui,Tidak Diketahui,1075000000,https://www.olx.co.id/item/infiniti-qx80-v8-56-4x4-iid-943335206
Tidak Diketahui,Tidak Diketahui,2025,5000,Tidak Diketahui,Tidak Diketahui,Tidak Diketahui,1440000000,https://www.olx.co.id/item/bmw-x5-m-sport-2024-2025-km-11rb-antik-iid-945060335
Tidak Diketahui,Tidak Diketahui,2009,20000,Tidak Diketahui,Tidak Diketahui,Tidak Diketahui,99000000,https://www.olx.co.id/item/vw-touran-at-thn-2009-iid-945060255
Tidak Diketahui,Tidak Diketahui,2007,160000,Tidak Diketahui,Tidak Diketahui,Tidak Diketahui,98000000,https://www.olx.co.id/item/termurah-cash-honda-civic-fd-at-18-2007-mulus-iid-945060250
Tidak Diketahui,Tidak Diketahui,2014,95000,Tidak Diketahui,Tidak Diketahui,Tidak Diketahui,120000000,https://www.olx.co.id/item/daihatsu-terios-tx-adventure-at-th-2014-istana-jaya-motor-iid-945060220
Tidak Diketahui,Tidak Diketahui,2019,10000,Tidak Diketahui,Tidak Diketahui,Tidak Diketahui,619999000,https://www.olx.co.id/item/km-low-12-ribuan-toyota-ft86-ft-86-trd-sportivo-nik-20192020-iid-945060137
Tidak Diketahui,Tidak Diketahui,2020,85000,Tidak Diketahui,Tidak Diketahui,Tidak Diketahui,120000000,https://www.olx.co.id/item/calya-g-12-at-2020-tdp-10jt-iid-945060046
Tidak Diketahui,Tidak Diketahui,2022,40000,Tidak Diketahui,Tidak Diketahui,Tidak Diketahui,440000000,https://www.olx.co.id/item/toyota-innova-venturer-24-diesel-matic-2022-iid-942257452
Tidak Diketahui,Tidak Diketahui,2018,80000,Tidak Diketahui,Tidak Diketahui,Tidak Diketahui,195000000,https://www.olx.co.id/item/hrv-2018-type-e-iid-945059955
Tidak Diketahui,Tidak Diketahui,2021,50000,Tidak Diketahui,Tidak Diketahui,Tidak Diketahui,225000000,https://www.olx.co.id/item/cx-3-touring-at-2021-tdp38jt-mazda-20-cx3-cx-3-matic-automatic-2020-iid-944856365
Tidak Diketahui,Tidak Diketahui,2023,20000,Tidak Diketahui,Tidak Diketahui,Tidak Diketahui,349000000,https://www.olx.co.id/item/innova-zenix-g-at-bensin-km-25rban-pajak-05-2027-tangan-pertama-iid-945059871
Tidak Diketahui,Tidak Diketahui,2021,120000,Tidak Diketahui,Tidak Diketahui,Tidak Diketahui,188000000,https://www.olx.co.id/item/dp-rendah-toyota-vios-15-g-bensin-at-2021-fab-iid-945031008
Tidak Diketahui,Tidak Diketahui,2019,10000,Tidak Diketahui,Tidak Diketahui,Tidak Diketahui,183000000,https://www.olx.co.id/item/dp-rendah-honda-br-v-15-prestige-bensin-at-2019-tid-iid-945031111
Tidak Diketahui,Tidak Diketahui,2019,70000,Tidak Diketahui,Tidak Diketahui,Tidak Diketahui,202000000,https://www.olx.co.id/item/dp-rendah-mitsubishi-xpander-15-ultimate-bensin-at-2019-tic-iid-945031833
Tidak Diketahui,Tidak Diketahui,2022,65000,Tidak Diketahui,Tidak Diketahui,Tidak Diketahui,263000000,https://www.olx.co.id/item/termurah-honda-hr-v-15-se-bensin-at-2022-rkf-b-iid-945060156
Tidak Diketahui,Tidak Diketahui,2021,15000,Tidak Diketahui,Tidak Diketahui,Tidak Diketahui,540000000,https://www.olx.co.id/item/dp10-km22000-c200-amg-2021-black-reg-2020-autohigh-iid-943092291
Tidak Diketahui,Tidak Diketahui,2020,50000,Tidak Diketahui,Tidak Diketahui,Tidak Diketahui,725000000,https://www.olx.co.id/item/toyota-hiace-28-premio-nik-2020-full-upgrade-luxury-cabin-rear-entert-iid-944580265
Tidak Diketahui,Tidak Diketahui,2023,0,Tidak Diketahui,Tidak Diketahui,Tidak Diketahui,775000000,https://www.olx.co.id/item/dp10-km6000-gla35-amg-2023-black-gla-35-reg-2024-autohigh-iid-944938897
Tidak Diketahui,Tidak Diketahui,2024,15000,Tidak Diketahui,Tidak Diketahui,Tidak Diketahui,710000000,https://www.olx.co.id/item/hyundai-santafe-caligraphy-hev-16-matic-2024-iid-944987682
Tidak Diketahui,Tidak Diketahui,2011,30000,Tidak Diketahui,Tidak Diketahui,Tidak Diketahui,249000000,https://www.olx.co.id/item/jaguar-xf-tahun-2011-facelift-automatic-silver-metalik-iid-945059844
Tidak Diketahui,Tidak Diketahui,2022,20000,Tidak Diketahui,Tidak Diketahui,Tidak Diketahui,399000000,https://www.olx.co.id/item/mazda-cx-5-skyactiv-g-25l-kuro-2022-iid-945059838
Tidak Diketahui,Tidak Diketahui,2023,0,Tidak Diketahui,Tidak Diketahui,Tidak Diketahui,835000000,https://www.olx.co.id/item/dp10-km8000-c300-amg-2023-white-reg-2022-autohigh-iid-944251467
Tidak Diketahui,Tidak Diketahui,2022,10000,Tidak Diketahui,Tidak Diketahui,Tidak Diketahui,945000000,https://www.olx.co.id/item/dp10-km19000-rx300-luxury-2022-black-rx-300-reg-2020-autohigh-iid-944271210
Tidak Diketahui,Tidak Diketahui,2023,0,Tidak Diketahui,Tidak Diketahui,Tidak Diketahui,710000000,https://www.olx.co.id/item/dp10-km6000-c200-avantgarde-2023-white-reg-2022-autohigh-iid-944273482
Tidak Diketahui,Tidak Diketahui,2023,0,Tidak Diketahui,Tidak Diketahui,Tidak Diketahui,710000000,https://www.olx.co.id/item/dp10-km6000-c200-avantgarde-2023-white-reg-2022-autohigh-iid-944273554
Tidak Diketahui,Tidak Diketahui,2023,5000,Tidak Diketahui,Tidak Diketahui,Tidak Diketahui,2125000000,https://www.olx.co.id/item/dp10-km11000-land-cruiser-vxr-2023-black-gr-reg-2024-autohigh-iid-944273587
Tidak Diketahui,Tidak Diketahui,2023,0,Tidak Diketahui,Tidak Diketahui,Tidak Diketahui,445000000,https://www.olx.co.id/item/suzuki-jimny-5-doors-suv-4x4-2023-2024-iid-945059704
Tidak Diketahui,Tidak Diketahui,2021,105000,Tidak Diketahui,Tidak Diketahui,Tidak Diketahui,269000000,https://www.olx.co.id/item/nissan-xtrail-25-cbu-panoramic-2021-putih-iid-945059648
Tidak Diketahui,Tidak Diketahui,2019,50000,Tidak Diketahui,Tidak Diketahui,Tidak Diketahui,192000000,https://www.olx.co.id/item/termurah-nissan-serena-20-x-bensin-at-2019-bij-b-iid-945060228
Tidak Diketahui,Tidak Diketahui,2022,40000,Tidak Diketahui,Tidak Diketahui,Tidak Diketahui,240000000,https://www.olx.co.id/item/termurah-toyota-avanza-15-veloz-q-bensin-at-2022-nzs-b-iid-945060293
Tidak Diketahui,Tidak Diketahui,2015,140000,Tidak Diketahui,Tidak Diketahui,Tidak Diketahui,143000000,https://www.olx.co.id/item/termurah-mazda-biante-20-skyactive-bensin-at-2015-tbp-b-iid-945060346
Tidak Diketahui,Tidak Diketahui,2017,70000,Tidak Diketahui,Tidak Diketahui,Tidak Diketahui,118000000,https://www.olx.co.id/item/termurah-nissan-grand-livina-15-sv-bensin-at-2017-kfj-b-iid-945060455
Tidak Diketahui,Tidak Diketahui,2021,30000,Tidak Diketahui,Tidak Diketahui,Tidak Diketahui,1220000000,https://www.olx.co.id/item/km-low-37rban-lexus-lm350-lm-350-vip-4seater-2021-at-mdl-20232022-iid-943584479
Tidak Diketahui,Tidak Diketahui,2023,0,Tidak Diketahui,Tidak Diketahui,Tidak Diketahui,835000000,https://www.olx.co.id/item/dp10-km6000-c300-amg-2023-black-reg-2024-autohigh-iid-943645324
Tidak Diketahui,Tidak Diketahui,2024,0,Tidak Diketahui,Tidak Diketahui,Tidak Diketahui,1675000000,https://www.olx.co.id/item/dp10-km2000-gle450-amg-2024-black-gle-450-reg-2025-autohigh-iid-945040805
Tidak Diketahui,Tidak Diketahui,2023,5000,Tidak Diketahui,Tidak Diketahui,Tidak Diketahui,900000000,https://www.olx.co.id/item/dp10-km19000-alphard-g-2023-white-reg-2021-autohigh-iid-944347274
Tidak Diketahui,Tidak Diketahui,2018,55000,Tidak Diketahui,Tidak Diketahui,Tidak Diketahui,265000000,https://www.olx.co.id/item/peugeot-3008-gt-line-16-turbo-p84-at-2018-iid-945059508
Tidak Diketahui,Tidak Diketahui,2023,0,Tidak Diketahui,Tidak Diketahui,Tidak Diketahui,710000000,https://www.olx.co.id/item/dp10-km6000-c200-avantgarde-2023-white-reg-2024-autohigh-iid-944273516
Tidak Diketahui,Tidak Diketahui,2023,20000,Tidak Diketahui,Tidak Diketahui,Tidak Diketahui,195000000,https://www.olx.co.id/item/toyota-avanza-g-lux-at-2023-iid-945059456
Tidak Diketahui,Tidak Diketahui,2024,0,Tidak Diketahui,Tidak Diketahui,Tidak Diketahui,1125000000,https://www.olx.co.id/item/dp10-km7000-e200-exclusive-2024-black-reg-2025-autohigh-iid-944251224
Tidak Diketahui,Tidak Diketahui,2013,135000,Tidak Diketahui,Tidak Diketahui,Tidak Diketahui,150000000,https://www.olx.co.id/item/accord-24-vtil-2013-hitam-iid-945059366
Tidak Diketahui,Tidak Diketahui,2015,15000,Tidak Diketahui,Tidak Diketahui,Tidak Diketahui,249000000,https://www.olx.co.id/item/great-deals-mercedes-benz-c200-avantgarde-2014-w205-white-320i-520i-iid-945059342
Tidak Diketahui,Tidak Diketahui,2014,120000,Tidak Diketahui,Tidak Diketahui,Tidak Diketahui,150000000,https://www.olx.co.id/item/honda-jazz-rs-automatic-2014-iid-945059186
Tidak Diketahui,Tidak Diketahui,2019,135000,Tidak Diketahui,Tidak Diketahui,Tidak Diketahui,190000000,https://www.olx.co.id/item/tdp-5-juta-xtrail-t32-2019-iid-945059171
Tidak Diketahui,Tidak Diketahui,2017,35000,Tidak Diketahui,Tidak Diketahui,Tidak Diketahui,635000000,https://www.olx.co.id/item/mercedes-benz-c300-amg-coupe-2017-electric-sunroof-iid-945059087
Tidak Diketahui,Tidak Diketahui,2023,20000,Tidak Diketahui,Tidak Diketahui,Tidak Diketahui,625000000,https://www.olx.co.id/item/volvo-c40-bev-recharge-awd-2023-crystal-white-on-black-iid-945059025
Tidak Diketahui,Tidak Diketahui,2018,90000,Tidak Diketahui,Tidak Diketahui,Tidak Diketahui,268000000,https://www.olx.co.id/item/termurah-honda-cr-v-15-turbo-bensin-at-2018-tjq-b-iid-945060542
Tidak Diketahui,Tidak Diketahui,2020,100000,Tidak Diketahui,Tidak Diketahui,Tidak Diketahui,147000000,https://www.olx.co.id/item/promo-low-angsuran-honda-brio-satya-12-e-bensin-at-2020-ubc-iid-944428080
Tidak Diketahui,Tidak Diketahui,2015,120000,Tidak Diketahui,Tidak Diketahui,Tidak Diketahui,162000000,https://www.olx.co.id/item/promo-low-angsuran-nissan-xtrail-20-cvt-bensin-at-2015-nol-iid-944428425
Tidak Diketahui,Tidak Diketahui,2014,290000,Tidak Diketahui,Tidak Diketahui,Tidak Diketahui,122000000,https://www.olx.co.id/item/promo-low-angsuran-toyota-rush-15-g-bensin-at-2014-kzo-iid-944428470
Tidak Diketahui,Tidak Diketahui,2025,10000,Tidak Diketahui,Tidak Diketahui,Tidak Diketahui,735000000,https://www.olx.co.id/item/bergaransi-hyundai-santafe-santa-fe-calligraphy-hybrid-20252026-iid-944389912
Tidak Diketahui,Tidak Diketahui,2023,5000,Tidak Diketahui,Tidak Diketahui,Tidak Diketahui,695000000,https://www.olx.co.id/item/dp10-km16000-x1-x-line-2023-white-reg-2024-autohigh-iid-944588622
Tidak Diketahui,Tidak Diketahui,2005,55000,Tidak Diketahui,Tidak Diketahui,Tidak Diketahui,500000000,https://www.olx.co.id/item/untuk-agan2-yg-mau-lanjutin-ngerawat-mobil-lucu-iid-944472769
Tidak Diketahui,Tidak Diketahui,2024,25000,Tidak Diketahui,Tidak Diketahui,Tidak Diketahui,435000000,https://www.olx.co.id/item/garansi-5th-toyota-zenix-v-hybrid-20-modelista-at-2024-2025-iid-944886991
Tidak Diketahui,Tidak Diketahui,2025,15000,Tidak Diketahui,Tidak Diketahui,Tidak Diketahui,190000000,https://www.olx.co.id/item/tdp-5-juta-avanza-e-matic-2025-iid-945059020
Tidak Diketahui,Tidak Diketahui,2019,5000,Tidak Diketahui,Tidak Diketahui,Tidak Diketahui,499000000,https://www.olx.co.id/item/new-mercedes-benz-cla200-amg-2019-mbux-widescreen-320i-c300-iid-945058954
Tidak Diketahui,Tidak Diketahui,2022,20000,Tidak Diketahui,Tidak Diketahui,Tidak Diketahui,645000000,https://www.olx.co.id/item/odo-20ribuan-record-full-ori-mercedes-benz-c200-avantgarde-2022-iid-944238488
Tidak Diketahui,Tidak Diketahui,2024,15000,Tidak Diketahui,Tidak Diketahui,Tidak Diketahui,535000000,https://www.olx.co.id/item/km-low-20ribuan-record-full-ori-toyota-fortuner-vrz-gr-28-at-2024-iid-944237741
Tidak Diketahui,Tidak Diketahui,2019,90000,Tidak Diketahui,Tidak Diketahui,Tidak Diketahui,122000000,https://www.olx.co.id/item/suzuki-ignis-gx-automatic-2019-iid-945058910
Tidak Diketahui,Tidak Diketahui,2020,60000,Tidak Diketahui,Tidak Diketahui,Tidak Diketahui,325000000,https://www.olx.co.id/item/accord-15-turbo-sensing-facelift-at-thn-2020-iid-945058897
Tidak Diketahui,Tidak Diketahui,2019,65000,Tidak Diketahui,Tidak Diketahui,Tidak Diketahui,335000000,https://www.olx.co.id/item/mazda-cx8-25-elite-2019-hitam-cx-8-km70rbuan-no-laka-banjir-siap-pake-iid-945058771
Tidak Diketahui,Tidak Diketahui,2018,40000,Tidak Diketahui,Tidak Diketahui,Tidak Diketahui,1475000000,https://www.olx.co.id/item/jeep-jl-wrangler-rubicon-4-doors-4-pintu-20-nik-2018-iid-945058670
Tidak Diketahui,Tidak Diketahui,2016,30000,Tidak Diketahui,Tidak Diketahui,Tidak Diketahui,339000000,https://www.olx.co.id/item/mercedes-benz-c250-amg-line-iid-945058631
Tidak Diketahui,Tidak Diketahui,2014,65000,Tidak Diketahui,Tidak Diketahui,Tidak Diketahui,121000000,https://www.olx.co.id/item/promo-low-angsuran-honda-mobilio-15-e-bensin-at-2014-pru-iid-944428602
Tidak Diketahui,Tidak Diketahui,2023,25000,Tidak Diketahui,Tidak Diketahui,Tidak Diketahui,273000000,https://www.olx.co.id/item/promo-low-angsuran-mazda-cx-3-15-sport-bensin-at-2023-wgz-iid-944428651
Tidak Diketahui,Tidak Diketahui,2017,75000,Tidak Diketahui,Tidak Diketahui,Tidak Diketahui,149000000,https://www.olx.co.id/item/promo-low-angsuran-honda-mobilio-15-e-bensin-at-2017-juw-iid-944549058
Tidak Diketahui,Tidak Diketahui,2022,70000,Tidak Diketahui,Tidak Diketahui,Tidak Diketahui,335000000,https://www.olx.co.id/item/promo-low-angsuran-toyota-corolla-18-cross-hybrid-bensin-at-2022-rko-iid-944549271
Tidak Diketahui,Tidak Diketahui,2021,15000,Tidak Diketahui,Tidak Diketahui,Tidak Diketahui,675000000,https://www.olx.co.id/item/toyota-alphard-25-g-tss-atpm-2021-putih-nik-2020-km35rb-b10li-iid-944957761
Tidak Diketahui,Tidak Diketahui,2023,10000,Tidak Diketahui,Tidak Diketahui,Tidak Diketahui,1730000000,https://www.olx.co.id/item/mercedes-benz-s450l-4matic-v223-ckd-20232024-black-on-black-iid-944986614
Tidak Diketahui,Tidak Diketahui,2018,50000,Tidak Diketahui,Tidak Diketahui,Tidak Diketahui,365000000,https://www.olx.co.id/item/mercedes-a200-w177-hatchback-progresive-line-2018-iid-944607414
Tidak Diketahui,Tidak Diketahui,2021,5000,Tidak Diketahui,Tidak Diketahui,Tidak Diketahui,1165000000,https://www.olx.co.id/item/dp10-km13000-gle450-amg-2021-black-gle-450-reg-2022-autohigh-iid-944870387
Tidak Diketahui,Tidak Diketahui,2025,10000,Tidak Diketahui,Tidak Diketahui,Tidak Diketahui,1265000000,https://www.olx.co.id/item/hyundai-all-new-palisade-calligraphy-25l-turbo-hev-awd-nik-2025-iid-945058587
Tidak Diketahui,Tidak Diketahui,2017,30000,Tidak Diketahui,Tidak Diketahui,Tidak Diketahui,450000000,https://www.olx.co.id/item/100-orisinil-bmw-x5-xdrive-35i-ckd-nik-2017-iid-944937733
Tidak Diketahui,Tidak Diketahui,2022,30000,Tidak Diketahui,Tidak Diketahui,Tidak Diketahui,385000000,https://www.olx.co.id/item/mazda-cx5-25-elite-kuro-edition-facelift-tipe-tertinggi-pemk-2023-f-iid-945058545
Tidak Diketahui,Tidak Diketahui,2014,110000,Tidak Diketahui,Tidak Diketahui,Tidak Diketahui,119000000,https://www.olx.co.id/item/toyota-avanza-13-g-manual-tahun-2014-tangan-pertama-dari-baru-iid-945058531
Tidak Diketahui,Tidak Diketahui,2016,90000,Tidak Diketahui,Tidak Diketahui,Tidak Diketahui,167500000,https://www.olx.co.id/item/hr-v-15-e-at-thn-2016-iid-945058423
Tidak Diketahui,Tidak Diketahui,2025,0,Tidak Diketahui,Tidak Diketahui,Tidak Diketahui,1325000000,https://www.olx.co.id/item/bmw-x3-xdrive20-m-sport-cbu-2025-iid-945058195
Tidak Diketahui,Tidak Diketahui,2022,5000,Tidak Diketahui,Tidak Diketahui,Tidak Diketahui,1875000000,https://www.olx.co.id/item/bmw-m4c-competition-coupe-xdrive-nik-2022-iid-945058132
Tidak Diketahui,Tidak Diketahui,2018,50000,Tidak Diketahui,Tidak Diketahui,Tidak Diketahui,355000000,https://www.olx.co.id/item/bmw-g30-520i-luxury-line-black-on-cognac-2018-akhir-iid-945058078
Tidak Diketahui,Tidak Diketahui,2017,95000,Tidak Diketahui,Tidak Diketahui,Tidak Diketahui,455000000,https://www.olx.co.id/item/toyota-vellfire-g-atpm-2017-facelift-model-2022-terawat-alphard-iid-945058071
Tidak Diketahui,Tidak Diketahui,2012,40000,Tidak Diketahui,Tidak Diketahui,Tidak Diketahui,178000000,https://www.olx.co.id/item/mercy-c200-w204-facelift-at-thn-2012-iid-945058056
Tidak Diketahui,Tidak Diketahui,2020,55000,Tidak Diketahui,Tidak Diketahui,Tidak Diketahui,212000000,https://www.olx.co.id/item/promo-low-angsuran-kia-seltos-14-ex-plus-bensin-at-2020-pkv-iid-944549416
Tidak Diketahui,Tidak Diketahui,2014,65000,Tidak Diketahui,Tidak Diketahui,Tidak Diketahui,188000000,https://www.olx.co.id/item/promo-low-angsuran-honda-jazz-15-rs-bensin-at-2016-ayu-iid-944550426
Tidak Diketahui,Tidak Diketahui,2019,110000,Tidak Diketahui,Tidak Diketahui,Tidak Diketahui,214000000,https://www.olx.co.id/item/promo-low-angsuran-mitsubishi-xpander-15-cross-bensin-at-2020-ffq-iid-944550501
Tidak Diketahui,Tidak Diketahui,2021,55000,Tidak Diketahui,Tidak Diketahui,Tidak Diketahui,228000000,https://www.olx.co.id/item/promo-low-angsuran-toyota-sienta-15-q-bensin-at-2021-taz-iid-944551252
Tidak Diketahui,Tidak Diketahui,2019,25000,Tidak Diketahui,Tidak Diketahui,Tidak Diketahui,630000000,https://www.olx.co.id/item/low-km-27rb-toyota-alphard-25-g-at-pilot-seat-2019-2020-iid-944516162
Tidak Diketahui,Tidak Diketahui,2017,70000,Tidak Diketahui,Tidak Diketahui,Tidak Diketahui,390000000,https://www.olx.co.id/item/bmw-x3-xdrive20i-sport-2017-iid-944761100
Tidak Diketahui,Tidak Diketahui,2017,15000,Tidak Diketahui,Tidak Diketahui,Tidak Diketahui,660000000,https://www.olx.co.id/item/dp10-km21000-rx200t-luxury-2017-black-rx300-reg-2018-autohigh-iid-943915226
Tidak Diketahui,Tidak Diketahui,2018,10000,Tidak Diketahui,Tidak Diketahui,Tidak Diketahui,595000000,https://www.olx.co.id/item/mercedes-benz-e300-amg-2018-hitam-mercy-km13rb-b116sus-iid-944890990
Tidak Diketahui,Tidak Diketahui,2022,50000,Tidak Diketahui,Tidak Diketahui,Tidak Diketahui,213000000,https://www.olx.co.id/item/honda-brv-e-prestige-sensing-at-th-2022-istana-jaya-motor-iid-945057971
Tidak Diketahui,Tidak Diketahui,2024,25000,Tidak Diketahui,Tidak Diketahui,Tidak Diketahui,1455000000,https://www.olx.co.id/item/toyota-new-vellfire-25-hev-hybrid-modellista-vip-executive-nik-2024-iid-945057939
Tidak Diketahui,Tidak Diketahui,2025,5000,Tidak Diketahui,Tidak Diketahui,Tidak Diketahui,220000000,https://www.olx.co.id/item/low-km-7rb-chery-tiggo-cross-premium-15-cvt-4x2-at-20252026-iid-945057882
Tidak Diketahui,Tidak Diketahui,2017,55000,Tidak Diketahui,Tidak Diketahui,Tidak Diketahui,269500000,https://www.olx.co.id/item/cx-5-elite-skyactiv-25-at-thn-2017-iid-945057839
Tidak Diketahui,Tidak Diketahui,2024,0,Tidak Diketahui,Tidak Diketahui,Tidak Diketahui,815000000,https://www.olx.co.id/item/tdp-100-jt-volvo-xc60-t8-awd-recharge-2024-iid-944363962
Tidak Diketahui,Tidak Diketahui,2023,5000,Tidak Diketahui,Tidak Diketahui,Tidak Diketahui,4750000000,https://www.olx.co.id/item/low-kilometer-range-rover-vogue-lwb-phev-p440-se-2023-iid-944307874
Tidak Diketahui,Tidak Diketahui,2014,0,Tidak Diketahui,Tidak Diketahui,Tidak Diketahui,765000000,https://www.olx.co.id/item/kilometer-antik-bmw-640i-coupe-2014-iid-943657522
Tidak Diketahui,Tidak Diketahui,2017,75000,Tidak Diketahui,Tidak Diketahui,Tidak Diketahui,159000000,https://www.olx.co.id/item/toyota-avanza-veloz-15-at-2017-bergaransi-siap-pakai-iid-945057547
Tidak Diketahui,Tidak Diketahui,2018,40000,Tidak Diketahui,Tidak Diketahui,Tidak Diketahui,1275000000,https://www.olx.co.id/item/range-rover-vogue-lwb-30-facelift-range-over-vogue-voque--iid-942384292
Tidak Diketahui,Tidak Diketahui,2018,80000,Tidak Diketahui,Tidak Diketahui,Tidak Diketahui,134000000,https://www.olx.co.id/item/promo-low-angsuran-wuling-cortez-18-c-bensin-at-2018-ufw-iid-944551373
Tidak Diketahui,Tidak Diketahui,2014,240000,Tidak Diketahui,Tidak Diketahui,Tidak Diketahui,209000000,https://www.olx.co.id/item/dp-rendah-toyota-harrier-20-bensin-at-2014-tlq-iid-945033353
Tidak Diketahui,Tidak Diketahui,2022,205000,Tidak Diketahui,Tidak Diketahui,Tidak Diketahui,178000000,https://www.olx.co.id/item/dp-rendah-toyota-corolla-altis-18-v-bensin-at-2022-fab-iid-945033523
Tidak Diketahui,Tidak Diketahui,2019,120000,Tidak Diketahui,Tidak Diketahui,Tidak Diketahui,142000000,https://www.olx.co.id/item/dp-rendah-honda-brio-satya-12-e-bensin-at-2019-byt-iid-945033599
Tidak Diketahui,Tidak Diketahui,2021,0,Tidak Diketahui,Tidak Diketahui,Tidak Diketahui,975000000,https://www.olx.co.id/item/dp10-km4000-x5-x-drive-7seater-2021-black-reg-2022-autohigh-iid-944455889
Tidak Diketahui,Tidak Diketahui,2012,130000,Tidak Diketahui,Tidak Diketahui,Tidak Diketahui,199000000,https://www.olx.co.id/item/bmw-116i-tahun-2012-automatic-putih-metalik-iid-944804980
Tidak Diketahui,Tidak Diketahui,2023,105000,Tidak Diketahui,Tidak Diketahui,Tidak Diketahui,340000000,https://www.olx.co.id/item/jual-fortuner-vrz-diesel-2016-matic-iid-944826555
Tidak Diketahui,Tidak Diketahui,2017,90000,Tidak Diketahui,Tidak Diketahui,Tidak Diketahui,237000000,https://www.olx.co.id/item/honda-all-new-civic-es-prestige-hitam-2017-tdp-murmer-ori-menarik-bu-iid-944934275
Tidak Diketahui,Tidak Diketahui,2021,70000,Tidak Diketahui,Tidak Diketahui,Tidak Diketahui,147000000,https://www.olx.co.id/item/daihatsu-sirion-13-r-at-th-2021-istana-jaya-motor-iid-945057418
Tidak Diketahui,Tidak Diketahui,2024,5000,Tidak Diketahui,Tidak Diketahui,Tidak Diketahui,865000000,https://www.olx.co.id/item/mercedes-benz-c-300-amg-2024-iid-945057287
Tidak Diketahui,Tidak Diketahui,2021,10000,Tidak Diketahui,Tidak Diketahui,Tidak Diketahui,1265000000,https://www.olx.co.id/item/bmw-x7-xdrive-40i-opulence-2021-iid-945057254
Tidak Diketahui,Tidak Diketahui,2023,25000,Tidak Diketahui,Tidak Diketahui,Tidak Diketahui,200000000,https://www.olx.co.id/item/dp-20jt-km-31rb-hyundai-creta-trend-2023-kondisi-siap-pakai-iid-945057231
Tidak Diketahui,Tidak Diketahui,2019,105000,Tidak Diketahui,Tidak Diketahui,Tidak Diketahui,243000000,https://www.olx.co.id/item/toyota-innova-ribond-g-20-at-2019-iid-945057101
Tidak Diketahui,Tidak Diketahui,2021,0,Tidak Diketahui,Tidak Diketahui,Tidak Diketahui,1145000000,https://www.olx.co.id/item/mercedes-benz-gle-450-4matic-amg-2021-iid-945057073
Tidak Diketahui,Tidak Diketahui,2018,45000,Tidak Diketahui,Tidak Diketahui,Tidak Diketahui,234000000,https://www.olx.co.id/item/garansi-5th-toyota-chr-c-hr-18-non-hybrid-at-20182019-iid-945056732
Tidak Diketahui,Tidak Diketahui,2025,0,Tidak Diketahui,Tidak Diketahui,Tidak Diketahui,630000000,https://www.olx.co.id/item/km4rb-byd-sealion-7-performance-awd-nik-2025-cosmos-black-on-black-tgn-iid-945056667
Tidak Diketahui,Tidak Diketahui,2021,50000,Tidak Diketahui,Tidak Diketahui,Tidak Diketahui,221000000,https://www.olx.co.id/item/toyota-veloz-q-cvt-tss-2021-iid-945056479
Tidak Diketahui,Tidak Diketahui,2013,45000,Tidak Diketahui,Tidak Diketahui,Tidak Diketahui,168000000,https://www.olx.co.id/item/mercedes-benz-c200-cgi-classic-2013-putih-ganjil-iid-945056458
Tidak Diketahui,Tidak Diketahui,2021,35000,Tidak Diketahui,Tidak Diketahui,Tidak Diketahui,487000000,https://www.olx.co.id/item/dp-rendah-toyota-fortuner-24-vrz-gr-sport-at-2021-sjf-iid-945033739
Tidak Diketahui,Tidak Diketahui,2022,15000,Tidak Diketahui,Tidak Diketahui,Tidak Diketahui,200000000,https://www.olx.co.id/item/dp-rendah-honda-brio-12-rs-urbanite-edition-bensin-at-2022-kif-iid-945033957
Tidak Diketahui,Tidak Diketahui,2023,25000,Tidak Diketahui,Tidak Diketahui,Tidak Diketahui,247000000,https://www.olx.co.id/item/dp-murah-hyundai-stargazer-15-prime-bensin-at-2025-putih-cwfdb-iid-944970553
Tidak Diketahui,Tidak Diketahui,2019,75000,Tidak Diketahui,Tidak Diketahui,Tidak Diketahui,228000000,https://www.olx.co.id/item/dp-murah-honda-hr-v-15-e-mugen-bensin-at-2019-csmfb-iid-944991588
Tidak Diketahui,Tidak Diketahui,2022,40000,Tidak Diketahui,Tidak Diketahui,Tidak Diketahui,190000000,https://www.olx.co.id/item/garansi-5th-toyota-raize-10-turbo-gr-sport-tss-at-2022-2023-iid-945028134
Tidak Diketahui,Tidak Diketahui,2025,0,Tidak Diketahui,Tidak Diketahui,Tidak Diketahui,380000000,https://www.olx.co.id/item/km-19-byd-m6-superior-captain-6-seater-2025-hitam-iid-944843298
Tidak Diketahui,Tidak Diketahui,2023,15000,Tidak Diketahui,Tidak Diketahui,Tidak Diketahui,1350000000,https://www.olx.co.id/item/tdp-195-jt-bmw-x5-m-sport-xdrive40i-g05-lci-2023-iid-944856898
Tidak Diketahui,Tidak Diketahui,2021,30000,Tidak Diketahui,Tidak Diketahui,Tidak Diketahui,488000000,https://www.olx.co.id/item/bmw-g20-320i-dynamic-20-at-2021-low-km32rb-pajak-panjang-iid-945020943
Tidak Diketahui,Tidak Diketahui,2021,70000,Tidak Diketahui,Tidak Diketahui,Tidak Diketahui,178000000,https://www.olx.co.id/item/toyota-avanza-veloz-15-mt-2021-bergransi-banyak-diskon-iid-945056439
Tidak Diketahui,Tidak Diketahui,2020,45000,Tidak Diketahui,Tidak Diketahui,Tidak Diketahui,586000000,https://www.olx.co.id/item/2020-lexus-es300h-ultra-luxury-perfect-condition-tdp-65jt-iid-945056352
Tidak Diketahui,Tidak Diketahui,2017,80000,Tidak Diketahui,Tidak Diketahui,Tidak Diketahui,173000000,https://www.olx.co.id/item/dijual-cepat-outlander-sport-px-2017-at-terawat-siap-pakai-iid-945056334
Tidak Diketahui,Tidak Diketahui,2024,15000,Tidak Diketahui,Tidak Diketahui,Tidak Diketahui,295000000,https://www.olx.co.id/item/dijual-honda-hrv-tipe-s-full-original-iid-945056249
Tidak Diketahui,Tidak Diketahui,2021,75000,Tidak Diketahui,Tidak Diketahui,Tidak Diketahui,254900000,https://www.olx.co.id/item/isuzu-elf-nlr-55-tlx-long-100ps-4r-pwr-str-load-bak-besi-2021-iid-945056180
Tidak Diketahui,Tidak Diketahui,2011,55000,Tidak Diketahui,Tidak Diketahui,Tidak Diketahui,280000000,https://www.olx.co.id/item/mini-cooper-s-countryman-2011-panoramic-low-km59rb-iid-945056143
Tidak Diketahui,Tidak Diketahui,2023,45000,Tidak Diketahui,Tidak Diketahui,Tidak Diketahui,318000000,https://www.olx.co.id/item/termurahhh-yaris-cross-hybrid-tss-2023-silver-metallic-tangan-pertama-iid-945055969
Tidak Diketahui,Tidak Diketahui,2024,20000,Tidak Diketahui,Tidak Diketahui,Tidak Diketahui,325000000,https://www.olx.co.id/item/byd-m6-superior-captain-seat-2024-biru-iid-945055890
Tidak Diketahui,Tidak Diketahui,2017,105000,Tidak Diketahui,Tidak Diketahui,Tidak Diketahui,155000000,https://www.olx.co.id/item/termurahhh-brv-prestige-at-2017-putih-pajak-panjang-iid-945055756
Tidak Diketahui,Tidak Diketahui,2015,130000,Tidak Diketahui,Tidak Diketahui,Tidak Diketahui,140000000,https://www.olx.co.id/item/dp-murah-honda-city-15-e-bensin-at-2015-cfdzb-iid-944991615
Tidak Diketahui,Tidak Diketahui,2021,100000,Tidak Diketahui,Tidak Diketahui,Tidak Diketahui,362000000,https://www.olx.co.id/item/dp-murah-toyota-kijang-innova-24-v-solar-at-2022-putih-crkab-iid-944993744
Tidak Diketahui,Tidak Diketahui,2019,125000,Tidak Diketahui,Tidak Diketahui,Tidak Diketahui,233000000,https://www.olx.co.id/item/dp-murah-toyota-kijang-innova-20-v-bensin-at-2019-ctypb-iid-945021699
Tidak Diketahui,Tidak Diketahui,2017,95000,Tidak Diketahui,Tidak Diketahui,Tidak Diketahui,172000000,https://www.olx.co.id/item/dp-murah-toyota-sienta-15-q-bensin-at-2017-cuizb-iid-945022283
Tidak Diketahui,Tidak Diketahui,2022,15000,Tidak Diketahui,Tidak Diketahui,Tidak Diketahui,248000000,https://www.olx.co.id/item/km-19rb-pajak-627-hyundai-creta-prime-2022-sangat-terawat-iid-944892096
Tidak Diketahui,Tidak Diketahui,2013,75000,Tidak Diketahui,Tidak Diketahui,Tidak Diketahui,298000000,https://www.olx.co.id/item/ford-ranger-dc-f150-raptor-2013-fullvariasi-offroad-speak-keren-abis-iid-941966216
Tidak Diketahui,Tidak Diketahui,2023,5000,Tidak Diketahui,Tidak Diketahui,Tidak Diketahui,815000000,https://www.olx.co.id/item/dp10-km14000-c300-amg-2023-black-reg-2024-autohigh-iid-943237791
Tidak Diketahui,Tidak Diketahui,2018,15000,Tidak Diketahui,Tidak Diketahui,Tidak Diketahui,490000000,https://www.olx.co.id/item/mercy-glc200-amg-line-2018-hitam-low-km-iid-944926015
Tidak Diketahui,Tidak Diketahui,2025,5000,Tidak Diketahui,Tidak Diketahui,Tidak Diketahui,369000000,https://www.olx.co.id/item/toyota-kijang-innova-2025-diesel-iid-945055749
Tidak Diketahui,Tidak Diketahui,2024,15000,Tidak Diketahui,Tidak Diketahui,Tidak Diketahui,740000000,https://www.olx.co.id/item/hyundai-santafe-caligraphy-hev-at-2024-iid-945055503
Tidak Diketahui,Tidak Diketahui,2023,40000,Tidak Diketahui,Tidak Diketahui,Tidak Diketahui,510000000,https://www.olx.co.id/item/toyota-camry-25-hybrid-tss-sunroof-jbl-at-putih-2023-like-new-record-iid-945055490
Tidak Diketahui,Tidak Diketahui,2015,135000,Tidak Diketahui,Tidak Diketahui,Tidak Diketahui,425000000,https://www.olx.co.id/item/toyota-alphard-g-25-tahun-2015-iid-945055186
Tidak Diketahui,Tidak Diketahui,2024,0,Tidak Diketahui,Tidak Diketahui,Tidak Diketahui,635000000,https://www.olx.co.id/item/odo-300-toyota-fortuner-28-gr-tetra-drive-legender-2024-iid-945055089
Tidak Diketahui,Tidak Diketahui,2018,45000,Tidak Diketahui,Tidak Diketahui,Tidak Diketahui,234000000,https://www.olx.co.id/item/garansi-5th-toyota-chr-c-hr-18-non-hybrid-at-2018-2019-iid-945055025
Tidak Diketahui,Tidak Diketahui,2021,20000,Tidak Diketahui,Tidak Diketahui,Tidak Diketahui,999000000,https://www.olx.co.id/item/gle450-amg-v167-m256-eq-boost-4matic-2021-iid-945055010
Tidak Diketahui,Tidak Diketahui,2014,55000,Tidak Diketahui,Tidak Diketahui,Tidak Diketahui,215000000,https://www.olx.co.id/item/cash-bmw-520d-diesel-2014-f10-full-record-terawat-iid-945054994
Tidak Diketahui,Tidak Diketahui,2020,90000,Tidak Diketahui,Tidak Diketahui,Tidak Diketahui,245000000,https://www.olx.co.id/item/honda-cr-v-20-cvt-2020-hitam-iid-945054917
Tidak Diketahui,Tidak Diketahui,2022,45000,Tidak Diketahui,Tidak Diketahui,Tidak Diketahui,750000000,https://www.olx.co.id/item/garansi-5th-toyota-alphard-25-g-tss-pilot-seat-at-20222023-iid-944496165
Tidak Diketahui,Tidak Diketahui,2018,20000,Tidak Diketahui,Tidak Diketahui,Tidak Diketahui,695000000,https://www.olx.co.id/item/dp10-km30000-rx300-luxury-2018-white-rx-300-reg-2020-autohigh-iid-944380497
Tidak Diketahui,Tidak Diketahui,2021,55000,Tidak Diketahui,Tidak Diketahui,Tidak Diketahui,350000000,https://www.olx.co.id/item/low-km-toyota-camry-v-25-2021like-new-iid-944779245
Tidak Diketahui,Tidak Diketahui,2022,65000,Tidak Diketahui,Tidak Diketahui,Tidak Diketahui,165000000,https://www.olx.co.id/item/tdp-5-juta-xenia-x-mt-2022-iid-944447290
Tidak Diketahui,Tidak Diketahui,2020,15000,Tidak Diketahui,Tidak Diketahui,Tidak Diketahui,929000000,https://www.olx.co.id/item/gle450-amg-v167-m256-eq-boost-4matic-2020-2021-iid-945054846
Tidak Diketahui,Tidak Diketahui,2005,20000,Tidak Diketahui,Tidak Diketahui,Tidak Diketahui,27500000,https://www.olx.co.id/item/daihatsu-espass-15-cc-box-tahun-2005-kalbulator-iid-945054836
Tidak Diketahui,Tidak Diketahui,2024,10000,Tidak Diketahui,Tidak Diketahui,Tidak Diketahui,305000000,https://www.olx.co.id/item/suzuki-grand-vitara-hybrid-2024-km-11rb-iid-945054778
Tidak Diketahui,Tidak Diketahui,2012,150000,Tidak Diketahui,Tidak Diketahui,Tidak Diketahui,125000000,https://www.olx.co.id/item/honda-crv-20-matic-nik-2012-record-iid-945054773
Tidak Diketahui,Tidak Diketahui,2013,30000,Tidak Diketahui,Tidak Diketahui,Tidak Diketahui,355000000,https://www.olx.co.id/item/mercedes-benz-cls350-35l-v6-306hp-nik-2013-tgn-1-dr-br-iid-945054741
Tidak Diketahui,Tidak Diketahui,2015,50000,Tidak Diketahui,Tidak Diketahui,Tidak Diketahui,315000000,https://www.olx.co.id/item/nik15-mercedes-benz-e400-e-400-amg-2015-black-iid-945054719
Tidak Diketahui,Tidak Diketahui,2013,105000,Tidak Diketahui,Tidak Diketahui,Tidak Diketahui,110000000,https://www.olx.co.id/item/toyota-vios-g-15-at-2013-iid-945054654
Tidak Diketahui,Tidak Diketahui,2024,0,Tidak Diketahui,Tidak Diketahui,Tidak Diketahui,1250000000,https://www.olx.co.id/item/e300-w214-amg-eq-boost-2024-2026-iid-945054592
Tidak Diketahui,Tidak Diketahui,2017,20000,Tidak Diketahui,Tidak Diketahui,Tidak Diketahui,755000000,https://www.olx.co.id/item/mercedes-benz-c43-amg-4-doors-30-v6-9g-tronic-367hp-2017-iid-945054532
Tidak Diketahui,Tidak Diketahui,2023,5000,Tidak Diketahui,Tidak Diketahui,Tidak Diketahui,720000000,https://www.olx.co.id/item/dp10-km12000-mini-cooper-20-s-turbo-2023-white-reg-2024-autohigh-iid-941969569
Tidak Diketahui,Tidak Diketahui,2024,5000,Tidak Diketahui,Tidak Diketahui,Tidak Diketahui,980000000,https://www.olx.co.id/item/low-km-8rb-bmw-i4-i-4-edrive35-edrive-35-at-20242025-iid-944513976
Tidak Diketahui,Tidak Diketahui,2014,90000,Tidak Diketahui,Tidak Diketahui,Tidak Diketahui,275000000,https://www.olx.co.id/item/km-low-tangan-1-toyota-alphard-35-2014-bjm1-iid-944353382
Tidak Diketahui,Tidak Diketahui,2022,85000,Tidak Diketahui,Tidak Diketahui,Tidak Diketahui,289000000,https://www.olx.co.id/item/volkswagen-tiguan-all-space-tsi-hitam-2022-tdp-murmer-ori-menarik-bu-iid-944995257
Tidak Diketahui,Tidak Diketahui,2024,20000,Tidak Diketahui,Tidak Diketahui,Tidak Diketahui,1029000000,https://www.olx.co.id/item/e200-w214-m254-eq-boost-2024-iid-945054464
Tidak Diketahui,Tidak Diketahui,2018,140000,Tidak Diketahui,Tidak Diketahui,Tidak Diketahui,180000000,https://www.olx.co.id/item/mitsubishi-xpander-ultimate-15-at-2018-iid-945054425
Tidak Diketahui,Tidak Diketahui,2022,0,Tidak Diketahui,Tidak Diketahui,Tidak Diketahui,845000000,https://www.olx.co.id/item/mercedes-benz-w206-c300-amg-line-eq-boost-nik-2022-iid-945054328
Tidak Diketahui,Tidak Diketahui,2020,65000,Tidak Diketahui,Tidak Diketahui,Tidak Diketahui,170000000,https://www.olx.co.id/item/mg-hs-2020-ignite-low-km-iid-944933591
Tidak Diketahui,Tidak Diketahui,2020,10000,Tidak Diketahui,Tidak Diketahui,Tidak Diketahui,1075000000,https://www.olx.co.id/item/bmw-x7-xdrive-20202021low-kmdp-murahangsuran-ringanlow-km-iid-945054296
Tidak Diketahui,Tidak Diketahui,2023,35000,Tidak Diketahui,Tidak Diketahui,Tidak Diketahui,237000000,https://www.olx.co.id/item/toyota-vios-2023-bensin-iid-945054178
Tidak Diketahui,Tidak Diketahui,2023,25000,Tidak Diketahui,Tidak Diketahui,Tidak Diketahui,480000000,https://www.olx.co.id/item/fortuner-gr-28-4x2-at-2023-cash-terbaik-iid-945054110
Tidak Diketahui,Tidak Diketahui,2023,45000,Tidak Diketahui,Tidak Diketahui,Tidak Diketahui,230000000,https://www.olx.co.id/item/hyundai-creta-trend-15-automatic-iid-945046635
Tidak Diketahui,Tidak Diketahui,2015,60000,Tidak Diketahui,Tidak Diketahui,Tidak Diketahui,238000000,https://www.olx.co.id/item/bmw-320i-luxury-20-at-pmk-2016-iid-945053899
Tidak Diketahui,Tidak Diketahui,2023,30000,Tidak Diketahui,Tidak Diketahui,Tidak Diketahui,280000000,https://www.olx.co.id/item/nissan-serena-hws-c27-cvt-2023-hitam-iid-945053728
Tidak Diketahui,Tidak Diketahui,2021,5000,Tidak Diketahui,Tidak Diketahui,Tidak Diketahui,550000000,https://www.olx.co.id/item/dp10-km16000-c200-amg-2021-white-reg-2022-autohigh-iid-943093530
Tidak Diketahui,Tidak Diketahui,2025,5000,Tidak Diketahui,Tidak Diketahui,Tidak Diketahui,1135000000,https://www.olx.co.id/item/hyundai-palisade-25t-hybrid-caligraphy-at-2025-iid-944594919
Tidak Diketahui,Tidak Diketahui,2012,35000,Tidak Diketahui,Tidak Diketahui,Tidak Diketahui,318000000,https://www.olx.co.id/item/bmw-x6-at-2012-bensin-iid-944770104
Tidak Diketahui,Tidak Diketahui,2024,0,Tidak Diketahui,Tidak Diketahui,Tidak Diketahui,795000000,https://www.olx.co.id/item/dp10-km7000-mini-countryman-20-s-2024-red-reg-2025-autohigh-iid-943400658
Tidak Diketahui,Tidak Diketahui,2023,45000,Tidak Diketahui,Tidak Diketahui,Tidak Diketahui,318000000,https://www.olx.co.id/item/toyota-yaris-cross-hybird-tss-at-2023-iid-945053533
Tidak Diketahui,Tidak Diketahui,2015,85000,Tidak Diketahui,Tidak Diketahui,Tidak Diketahui,320000000,https://www.olx.co.id/item/ternurah-lexus-nx-200t-f-sport-2015-iid-945053501
Tidak Diketahui,Tidak Diketahui,2017,105000,Tidak Diketahui,Tidak Diketahui,Tidak Diketahui,155000000,https://www.olx.co.id/item/honda-brv-prestige-15-at-2017-iid-945053430
Tidak Diketahui,Tidak Diketahui,2024,15000,Tidak Diketahui,Tidak Diketahui,Tidak Diketahui,685000000,https://www.olx.co.id/item/subaru-wrx-wagon-24-ts-eyesight-awd-facelift-2023-like-new-low-km-1rb-iid-942643562
Tidak Diketahui,Tidak Diketahui,2024,0,Tidak Diketahui,Tidak Diketahui,Tidak Diketahui,1870000000,https://www.olx.co.id/item/tdp-hanya-375jt-lexus-lm-350h-25-hybrid-2024-at-iid-944673918
Tidak Diketahui,Tidak Diketahui,2024,10000,Tidak Diketahui,Tidak Diketahui,Tidak Diketahui,640000000,https://www.olx.co.id/item/subaru-wrx-24-ts-eyesight-awd-facelift-putih-2024-nik-2023-like-new-iid-942655784
Tidak Diketahui,Tidak Diketahui,2019,40000,Tidak Diketahui,Tidak Diketahui,Tidak Diketahui,220000000,https://www.olx.co.id/item/nissan-serena-20-hws-high-way-star-two-tone-at-2019-low-km-record-iid-944276430
Tidak Diketahui,Tidak Diketahui,2022,20000,Tidak Diketahui,Tidak Diketahui,Tidak Diketahui,405000000,https://www.olx.co.id/item/toyota-camry-25-v-at-2022-hitam-iid-945053291
Tidak Diketahui,Tidak Diketahui,2018,20000,Tidak Diketahui,Tidak Diketahui,Tidak Diketahui,820000000,https://www.olx.co.id/item/2018-lexus-rx300-f-sport-iid-943423557
Tidak Diketahui,Tidak Diketahui,2015,110000,Tidak Diketahui,Tidak Diketahui,Tidak Diketahui,169000000,https://www.olx.co.id/item/dp-murah-honda-hr-v-15-e-bensin-at-2015-cubtb-iid-945022966
Tidak Diketahui,Tidak Diketahui,2018,100000,Tidak Diketahui,Tidak Diketahui,Tidak Diketahui,172000000,https://www.olx.co.id/item/dp-murah-mitsubishi-xpander-15-sport-bensin-at-2018-cukkb-iid-945023318
Tidak Diketahui,Tidak Diketahui,2020,115000,Tidak Diketahui,Tidak Diketahui,Tidak Diketahui,194000000,https://www.olx.co.id/item/dp-murah-mazda-cx-3-20-touring-bensin-at-2019-cwzub-iid-945024395
Tidak Diketahui,Tidak Diketahui,2016,140000,Tidak Diketahui,Tidak Diketahui,Tidak Diketahui,103000000,https://www.olx.co.id/item/dp-murah-chevrolet-trax-14-turbo-ltz-bensin-at-2016-cfbaf-iid-945025356
Tidak Diketahui,Tidak Diketahui,2019,30000,Tidak Diketahui,Tidak Diketahui,Tidak Diketahui,350000000,https://www.olx.co.id/item/low-km-34rb-bmw-x1-x-1-sdrive-18i-xline-facelift-lci-2019-2020-iid-944960568
Tidak Diketahui,Tidak Diketahui,2007,145000,Tidak Diketahui,Tidak Diketahui,Tidak Diketahui,950000000,https://www.olx.co.id/item/land-rover-discovery-3-diesel-2007-black-register-2008-autohigh-iid-912189034
Tidak Diketahui,Tidak Diketahui,2023,5000,Tidak Diketahui,Tidak Diketahui,Tidak Diketahui,815000000,https://www.olx.co.id/item/dp10-km14000-c300-amg-2023-black-reg-2024-autohigh-iid-943238014
Tidak Diketahui,Tidak Diketahui,2017,95000,Tidak Diketahui,Tidak Diketahui,Tidak Diketahui,180000000,https://www.olx.co.id/item/new-chevrolet-captiva-20-diesel-turbo-at-2017-low-odo-iid-944620813
Tidak Diketahui,Tidak Diketahui,2012,40000,Tidak Diketahui,Tidak Diketahui,Tidak Diketahui,178000000,https://www.olx.co.id/item/mercy-c200-w204-facelift-at-thn-2012-iid-945053169
Tidak Diketahui,Tidak Diketahui,2016,5000,Tidak Diketahui,Tidak Diketahui,Tidak Diketahui,3200000000,https://www.olx.co.id/item/land-rover-defender-90-heritage-iid-945053157
Tidak Diketahui,Tidak Diketahui,2025,0,Tidak Diketahui,Tidak Diketahui,Tidak Diketahui,1100000000,https://www.olx.co.id/item/volvo-xc60-t8-awd-recharge-facelift-2025-iid-945053090
Tidak Diketahui,Tidak Diketahui,2019,85000,Tidak Diketahui,Tidak Diketahui,Tidak Diketahui,145000000,https://www.olx.co.id/item/chevrolet-trax-2019-bensin-iid-945053051
Tidak Diketahui,Tidak Diketahui,2022,65000,Tidak Diketahui,Tidak Diketahui,Tidak Diketahui,633000000,https://www.olx.co.id/item/hyundai-palisade-signature-22d-matic-4x2-hitam-genap-iid-945053033
Tidak Diketahui,Tidak Diketahui,2022,30000,Tidak Diketahui,Tidak Diketahui,Tidak Diketahui,225000000,https://www.olx.co.id/item/kia-seltos-14-ex-plus-2022-iid-941626392
Tidak Diketahui,Tidak Diketahui,2022,50000,Tidak Diketahui,Tidak Diketahui,Tidak Diketahui,633000000,https://www.olx.co.id/item/hyundai-palisade-signature-22d-at-4x2-iid-945052931
Tidak Diketahui,Tidak Diketahui,2019,20000,Tidak Diketahui,Tidak Diketahui,Tidak Diketahui,475000000,https://www.olx.co.id/item/mercedes-benz-cla200-amg-2019-iid-945052878
Tidak Diketahui,Tidak Diketahui,2013,30000,Tidak Diketahui,Tidak Diketahui,Tidak Diketahui,115000000,https://www.olx.co.id/item/vw-polo-14-6r-pemk-2014-white-on-beige-tgn-1-dr-br-nik-2013-akhir-iid-945052778
Tidak Diketahui,Tidak Diketahui,2022,95000,Tidak Diketahui,Tidak Diketahui,Tidak Diketahui,169000000,https://www.olx.co.id/item/toyota-all-new-avanza-g-at-15-2022-iid-945052716
Tidak Diketahui,Tidak Diketahui,2023,30000,Tidak Diketahui,Tidak Diketahui,Tidak Diketahui,150000000,https://www.olx.co.id/item/dp-murah-toyota-agya-12-g-bensin-at-2023-croub-iid-945025727
Tidak Diketahui,Tidak Diketahui,2021,0,Tidak Diketahui,Tidak Diketahui,Tidak Diketahui,176000000,https://www.olx.co.id/item/dp-1-juta-toyota-yaris-15-g-bensin-at-2021-trh-iid-942796377
Tidak Diketahui,Tidak Diketahui,2018,65000,Tidak Diketahui,Tidak Diketahui,Tidak Diketahui,196000000,https://www.olx.co.id/item/dp-murah-toyota-rush-15-trd-sportivo-bensin-at-2019-csgwb-iid-945026470
Tidak Diketahui,Tidak Diketahui,2018,55000,Tidak Diketahui,Tidak Diketahui,Tidak Diketahui,123000000,https://www.olx.co.id/item/dp-5-toyota-agya-suar-iid-944223052
Tidak Diketahui,Tidak Diketahui,2024,0,Tidak Diketahui,Tidak Diketahui,Tidak Diketahui,1675000000,https://www.olx.co.id/item/dp10-km2000-gle450-amg-2024-black-gle-450-reg-2025-autohigh-iid-945041223
Tidak Diketahui,Tidak Diketahui,2021,20000,Tidak Diketahui,Tidak Diketahui,Tidak Diketahui,2099000000,https://www.olx.co.id/item/toyota-land-cruiser-300-gr-sport-2023-iid-944909183
Tidak Diketahui,Tidak Diketahui,2022,5000,Tidak Diketahui,Tidak Diketahui,Tidak Diketahui,610000000,https://www.olx.co.id/item/dp10-km15000-glb200-2022-black-glb-200-reg-2023-autohigh-iid-944761794
Tidak Diketahui,Tidak Diketahui,2024,20000,Tidak Diketahui,Tidak Diketahui,Tidak Diketahui,2000000000,https://www.olx.co.id/item/mercedes-benz-eqs450-amg-suv-2024-putih-b264yyy-km22rb-mercy-nik-2023-iid-944916749
Tidak Diketahui,Tidak Diketahui,2023,25000,Tidak Diketahui,Tidak Diketahui,Tidak Diketahui,260000000,https://www.olx.co.id/item/mazda-cx-3-2023-bensin-iid-945052704
Tidak Diketahui,Tidak Diketahui,2019,55000,Tidak Diketahui,Tidak Diketahui,Tidak Diketahui,173000000,https://www.olx.co.id/item/suzuki-baleno-2019-matic-pemakaian-2020-iid-945052639
Tidak Diketahui,Tidak Diketahui,2020,40000,Tidak Diketahui,Tidak Diketahui,Tidak Diketahui,465000000,https://www.olx.co.id/item/mini-cooper-countryman-s-2020-iid-945052600
Tidak Diketahui,Tidak Diketahui,2016,55000,Tidak Diketahui,Tidak Diketahui,Tidak Diketahui,398000000,https://www.olx.co.id/item/antik-km60rb-toyota-alphard-g-atpm-2016-silver-iid-945052599
Tidak Diketahui,Tidak Diketahui,2023,25000,Tidak Diketahui,Tidak Diketahui,Tidak Diketahui,615000000,https://www.olx.co.id/item/mercedes-benz-mercy-c200-avantgarde-line-w206-facelift-2023-nik-2022-iid-945052578
Tidak Diketahui,Tidak Diketahui,2013,55000,Tidak Diketahui,Tidak Diketahui,Tidak Diketahui,165000000,https://www.olx.co.id/item/km-antik-honda-accord-vti-l-24-at-nik-2013-iid-944165643
Tidak Diketahui,Tidak Diketahui,2024,5000,Tidak Diketahui,Tidak Diketahui,Tidak Diketahui,815000000,https://www.olx.co.id/item/tdp-100-jt-volvo-xc60-t8-awd-recharge-2024-iid-945052477
Tidak Diketahui,Tidak Diketahui,2019,15000,Tidak Diketahui,Tidak Diketahui,Tidak Diketahui,265000000,https://www.olx.co.id/item/jeep-compass-longitude-2019-low-km-iid-927108750
Tidak Diketahui,Tidak Diketahui,2017,45000,Tidak Diketahui,Tidak Diketahui,Tidak Diketahui,465000000,https://www.olx.co.id/item/mercedes-benz-e300-avg-2017-iid-945052413
